rxn_idx,mapped,unmapped,orig_rxn_text,rule,rule_id,source,steps,quality,natural,organism,protein_refs,protein_db,ec_num
22650,[H+].[NH2:1][C:2](=[O:3])[C:4]1=[CH:5][N:6]([C@@H:7]2[O:8][C@H:9]([CH2:10][O:11][P:12](=[O:13])([OH:14])[O:15][P:16](=[O:17])([OH:18])[O:19][CH2:20][C@H:21]3[O:22][C@@H:23]([n:24]4[cH:25][n:26][c:27]5[c:28]([NH2:29])[n:30][cH:31][n:32][c:33]45)[C@H:34]([O:35][P:36](=[O:37])([OH:38])[OH:39])[C@@H:40]3[OH:41])[C@@H:42]([OH:43])[C@H:44]2[OH:45])[CH:46]=[CH:47][CH2:48]1.[O:49]=[C:50]([OH:51])[CH2:52][CH2:53][C:54](=[O:55])[C:56](=[O:57])[OH:58].[O:59]=[C:60]=[O:61]>>[NH2:1][C:2](=[O:3])[c:4]1[cH:5][n+:6]([C@@H:7]2[O:8][C@H:9]([CH2:10][O:11][P:12](=[O:13])([OH:14])[O:15][P:16](=[O:17])([OH:18])[O:19][CH2:20][C@H:21]3[O:22][C@@H:23]([n:24]4[cH:25][n:26][c:27]5[c:28]([NH2:29])[n:30][cH:31][n:32][c:33]45)[C@H:34]([O:35][P:36](=[O:37])([OH:38])[OH:39])[C@@H:40]3[OH:41])[C@@H:42]([OH:43])[C@H:44]2[OH:45])[cH:46][cH:47][cH:48]1.[O:49]=[C:50]([OH:51])[CH2:52][CH:53]([CH:54]([OH:55])[C:56](=[O:57])[OH:58])[C:60]([OH:59])=[O:61],NC(=O)C1=CN([C@@H]2O[C@H](COP(=O)(O)OP(=O)(O)OC[C@H]3O[C@@H](n4cnc5c(N)ncnc54)[C@H](OP(=O)(O)O)[C@@H]3O)[C@@H](O)[C@H]2O)C=CC1.O=C(O)CCC(=O)C(=O)O.O=C=O.[H+]>>NC(=O)c1ccc[n+]([C@@H]2O[C@H](COP(=O)(O)OP(=O)(O)OC[C@H]3O[C@@H](n4cnc5c(N)ncnc54)[C@H](OP(=O)(O)O)[C@@H]3O)[C@@H](O)[C@H]2O)c1.O=C(O)CC(C(=O)O)C(O)C(=O)O,isocitrate + NADP+ = 2-oxoglutarate + CO2 + NADPH + H+,[#6:1]1:[#6:2]:[#6:3]:[#6:4]:[#7+:5]:[#6:6]:1.[#8:7]-[#6:8]-[#6:9]-[#6:10]-[#8:11]>>[#6:9]-[#6:10]=[#8:11].[#6:1]1=[#6:6]-[#7+0:5]-[#6:4]=[#6:3]-[#6:2]-1.[#6:8]=[#8:7],96,direct reversed_suggested,single,0.9826923076923076,True,Aspergillus niger,[],,1.1.1.42
10624,[NH2:1][C:2](=[O:3])[c:4]1[cH:5][cH:6][cH:7][n+:8]([C@@H:9]2[O:10][C@H:11]([CH2:12][O:13][P:14](=[O:15])([OH:16])[O:17][P:18](=[O:19])([OH:20])[O:21][CH2:22][C@H:23]3[O:24][C@@H:25]([n:26]4[cH:27][n:28][c:29]5[c:30]([NH2:31])[n:32][cH:33][n:34][c:35]45)[C@H:36]([O:37][P:38](=[O:39])([OH:40])[OH:41])[C@@H:42]3[OH:43])[C@@H:44]([OH:45])[C@H:46]2[OH:47])[cH:48]1.[OH:49][c:50]1[cH:51][c:52]([OH:53])[c:54]2[c:55]([cH:56]1)[O:57][C@H:58]([c:59]1[cH:60][cH:61][c:62]([OH:63])[c:64]([OH:65])[cH:66]1)[C@@H:67]([OH:68])[C@H:69]2[OH:70]>>[H+].[NH2:1][C:2](=[O:3])[C:4]1=[CH:48][N:8]([C@@H:9]2[O:10][C@H:11]([CH2:12][O:13][P:14](=[O:15])([OH:16])[O:17][P:18](=[O:19])([OH:20])[O:21][CH2:22][C@H:23]3[O:24][C@@H:25]([n:26]4[cH:27][n:28][c:29]5[c:30]([NH2:31])[n:32][cH:33][n:34][c:35]45)[C@H:36]([O:37][P:38](=[O:39])([OH:40])[OH:41])[C@@H:42]3[OH:43])[C@@H:44]([OH:45])[C@H:46]2[OH:47])[CH:7]=[CH:6][CH2:5]1.[OH:49][c:50]1[cH:51][c:52]([OH:53])[c:54]2[c:55]([cH:56]1)[O:57][C@H:58]([c:59]1[cH:60][cH:61][c:62]([OH:63])[c:64]([OH:65])[cH:66]1)[C@@H:67]([OH:68])[C:69]2=[O:70],NC(=O)c1ccc[n+]([C@@H]2O[C@H](COP(=O)(O)OP(=O)(O)OC[C@H]3O[C@@H](n4cnc5c(N)ncnc54)[C@H](OP(=O)(O)O)[C@@H]3O)[C@@H](O)[C@H]2O)c1.Oc1cc(O)c2c(c1)O[C@H](c1ccc(O)c(O)c1)[C@@H](O)[C@H]2O>>NC(=O)C1=CN([C@@H]2O[C@H](COP(=O)(O)OP(=O)(O)OC[C@H]3O[C@@H](n4cnc5c(N)ncnc54)[C@H](OP(=O)(O)O)[C@@H]3O)[C@@H](O)[C@H]2O)C=CC1.O=C1c2c(O)cc(O)cc2O[C@H](c2ccc(O)c(O)c2)[C@H]1O.[H+],dihydroquercetin + NADPH + H+ = leucocyanidin + NADP+,[#6:1]1=[#6:2]-[#7:3]-[#6:4]=[#6:5]-[#6:6]-1.[#6:7]=[#8:8]>>[#6:7]-[#8:8].[#6:1]1:[#6:6]:[#6:5]:[#6:4]:[#7+:3]:[#6:2]:1,0,direct reversed_suggested,single,1.0,False,Fragaria x ananassa,['O22617'],uniprot,1.1.1.219
299548,[CH2:1]=[CH:2][C:3]1=[C:4]([CH3:5])[c:6]2[cH:7][c:8]3[nH:9][c:10]([cH:11][c:12]4[n:13][c:14]([cH:15][c:16]5[nH:17][c:18]([cH:19][c:20]1[n:21]2)[c:22]([CH3:23])[c:24]5[CH2:25][CH2:26][C:27](=[O:28])[OH:29])[C:30]([CH2:31][CH2:32][C:33](=[O:34])[OH:35])=[C:36]4[CH3:37])[c:38]([CH3:39])[c:40]3[CH:41]=[CH2:42].[Zn+2:43]>>[CH2:1]=[CH:2][C:3]1=[C:4]([CH3:5])[c:6]2[cH:7][c:8]3[nH:9][c:10]([cH:11][c:12]4[n:13][c:14]([cH:15][c:16]5[nH:17][c:18]([cH:19][c:20]1[n:21]2)[c:22]([CH3:23])[c:24]5[CH2:25][CH2:26][C:27](=[O:28])[OH:29])[C:30]([CH2:31][CH2:32][C:33](=[O:34])[OH:35])=[C:36]4[CH3:37])[c:38]([CH3:39])[c:40]3[CH:41]=[CH2:42].[Zn+2:43],C=CC1=C(C)c2cc3[nH]c(cc4nc(cc5[nH]c(cc1n2)c(C)c5CCC(=O)O)C(CCC(=O)O)=C4C)c(C)c3C=C.[Zn+2]>>C=CC1=C(C)c2cc3[nH]c(cc4nc(cc5[nH]c(cc1n2)c(C)c5CCC(=O)O)C(CCC(=O)O)=C4C)c(C)c3C=C.[Zn+2],protoporphyrin IX + Zn2+ = Zn-protoporphyrin IX,,-1,direct,single,1.0,False,Mus musculus,['P22315'],swissprot,4.98.1.1
128262,[O:1]=[P:2]([OH:3])([OH:4])[O:5][C@H:6]1[O:7][C@H:8]([CH2:9][OH:10])[C@@H:11]([O:12][C@H:13]2[O:14][C@H:15]([CH2:16][OH:17])[C@@H:18]([O:19][C@H:20]3[O:21][C@H:22]([CH2:23][OH:24])[C@@H:25]([OH:26])[C@H:27]([OH:28])[C@H:29]3[OH:30])[C@H:31]([OH:32])[C@H:33]2[OH:34])[C@H:35]([OH:36])[C@H:37]1[OH:38].[OH:39][CH2:40][C@H:41]1[O:42][C@H:43]([OH:44])[C@H:45]([OH:46])[C@@H:47]([OH:48])[C@@H:49]1[OH:50]>>[C@H:6]1([O:50][C@@H:49]2[C@@H:41]([CH2:40][OH:39])[O:42][C@H:43]([OH:44])[C@H:45]([OH:46])[C@H:47]2[OH:48])[O:7][C@H:8]([CH2:9][OH:10])[C@@H:11]([O:12][C@H:13]2[O:14][C@H:15]([CH2:16][OH:17])[C@@H:18]([O:19][C@H:20]3[O:21][C@H:22]([CH2:23][OH:24])[C@@H:25]([OH:26])[C@H:27]([OH:28])[C@H:29]3[OH:30])[C@H:31]([OH:32])[C@H:33]2[OH:34])[C@H:35]([OH:36])[C@H:37]1[OH:38].[O:1]=[P:2]([OH:3])([OH:4])[OH:5],O=P(O)(O)O[C@H]1O[C@H](CO)[C@@H](O[C@H]2O[C@H](CO)[C@@H](O[C@H]3O[C@H](CO)[C@@H](O)[C@H](O)[C@H]3O)[C@H](O)[C@H]2O)[C@H](O)[C@H]1O.OC[C@H]1O[C@H](O)[C@H](O)[C@@H](O)[C@@H]1O>>O=P(O)(O)O.OC[C@H]1O[C@H](O[C@H]2[C@H](O)[C@@H](O)[C@@H](O[C@H]3[C@H](O)[C@@H](O)[C@@H](O[C@H]4[C@H](O)[C@@H](O)[C@@H](O)O[C@@H]4CO)O[C@@H]3CO)O[C@@H]2CO)[C@H](O)[C@@H](O)[C@@H]1O,maltotetraose + phosphate = maltotriose + alpha-D-glucose 1-phosphate  {r},[#6:1]-[#8:2].[#8:3]>>[#6:1]-[#8:3].[#8:2],279,direct reversed,single,1.0,False,Pyrococcus furiosus,['Q8U0Q0'],uniprot,2.4.1.1
14599,[CH3:1][CH2:2][O:3][C:4](=[O:5])[CH2:6][C:7]([CH3:8])=[O:9].[H+].[NH2:10][C:11](=[O:12])[C:13]1=[CH:14][N:15]([C@@H:16]2[O:17][C@H:18]([CH2:19][O:20][P:21](=[O:22])([OH:23])[O:24][P:25](=[O:26])([OH:27])[O:28][CH2:29][C@H:30]3[O:31][C@@H:32]([n:33]4[cH:34][n:35][c:36]5[c:37]([NH2:38])[n:39][cH:40][n:41][c:42]45)[C@H:43]([O:44][P:45](=[O:46])([OH:47])[OH:48])[C@@H:49]3[OH:50])[C@@H:51]([OH:52])[C@H:53]2[OH:54])[CH:55]=[CH:56][CH2:57]1>>[CH3:1][CH2:2][O:3][C:4](=[O:5])[CH2:6][C@H:7]([CH3:8])[OH:9].[NH2:10][C:11](=[O:12])[c:13]1[cH:14][n+:15]([C@@H:16]2[O:17][C@H:18]([CH2:19][O:20][P:21](=[O:22])([OH:23])[O:24][P:25](=[O:26])([OH:27])[O:28][CH2:29][C@H:30]3[O:31][C@@H:32]([n:33]4[cH:34][n:35][c:36]5[c:37]([NH2:38])[n:39][cH:40][n:41][c:42]45)[C@H:43]([O:44][P:45](=[O:46])([OH:47])[OH:48])[C@@H:49]3[OH:50])[C@@H:51]([OH:52])[C@H:53]2[OH:54])[cH:55][cH:56][cH:57]1,CCOC(=O)CC(C)=O.NC(=O)C1=CN([C@@H]2O[C@H](COP(=O)(O)OP(=O)(O)OC[C@H]3O[C@@H](n4cnc5c(N)ncnc54)[C@H](OP(=O)(O)O)[C@@H]3O)[C@@H](O)[C@H]2O)C=CC1.[H+]>>CCOC(=O)C[C@H](C)O.NC(=O)c1ccc[n+]([C@@H]2O[C@H](COP(=O)(O)OP(=O)(O)OC[C@H]3O[C@@H](n4cnc5c(N)ncnc54)[C@H](OP(=O)(O)O)[C@@H]3O)[C@@H](O)[C@H]2O)c1,ethyl 3-oxobutyrate + NADPH = ethyl (S)-3-hydroxybutyrate + NADP+,[#6:1]1=[#6:2]-[#7:3]-[#6:4]=[#6:5]-[#6:6]-1.[#6:7]=[#8:8]>>[#6:7]-[#8:8].[#6:1]1:[#6:6]:[#6:5]:[#6:4]:[#7+:3]:[#6:2]:1,0,direct,single,1.0,False,Klebsiella pneumoniae,[],,1.1.1.280
178353,[NH2:1][c:2]1[n:3][cH:4][n:5][c:6]2[c:7]1[n:8][cH:9][n:10]2[C@@H:11]1[O:12][C@H:13]([CH2:14][O:15][P:16](=[O:17])([OH:18])[OH:19])[C@@H:20]([OH:21])[C@H:22]1[OH:23].[NH2:24][c:25]1[n:26][cH:27][n:28][c:29]2[c:30]1[n:31][cH:32][n:33]2[C@@H:34]1[O:35][C@H:36]([CH2:37][O:38][P:39](=[O:40])([OH:41])[O:42][P:43](=[O:44])([OH:45])[O:46][P:47](=[O:48])([OH:49])[OH:50])[C@@H:51]([OH:52])[C@H:53]1[OH:54]>>[NH2:1][c:2]1[n:3][cH:4][n:5][c:6]2[c:7]1[n:8][cH:9][n:10]2[C@@H:11]1[O:12][C@H:13]([CH2:14][O:15][P:16](=[O:17])([O:18][P:47](=[O:48])([OH:49])[OH:50])[OH:19])[C@@H:20]([OH:21])[C@H:22]1[OH:23].[NH2:24][c:25]1[n:26][cH:27][n:28][c:29]2[c:30]1[n:31][cH:32][n:33]2[C@@H:34]1[O:35][C@H:36]([CH2:37][O:38][P:39](=[O:40])([OH:41])[O:42][P:43](=[O:44])([OH:45])[OH:46])[C@@H:51]([OH:52])[C@H:53]1[OH:54],Nc1ncnc2c1ncn2[C@@H]1O[C@H](COP(=O)(O)O)[C@@H](O)[C@H]1O.Nc1ncnc2c1ncn2[C@@H]1O[C@H](COP(=O)(O)OP(=O)(O)OP(=O)(O)O)[C@@H](O)[C@H]1O>>Nc1ncnc2c1ncn2[C@@H]1O[C@H](COP(=O)(O)OP(=O)(O)O)[C@@H](O)[C@H]1O.Nc1ncnc2c1ncn2[C@@H]1O[C@H](COP(=O)(O)OP(=O)(O)O)[C@@H](O)[C@H]1O,ATP + AMP = ADP + ADP  {r},[#8:1].[#8:2]-[#15:3]>>[#8:2].[#8:1]-[#15:3],281,direct,single,1.0,False,Sus scrofa,[],,2.7.4.3
166126,[CH3:1][C:2](=[O:3])[C:4](=[O:5])[OH:6].[CH3:7][c:8]1[cH:9][n:10]([C@H:11]2[CH2:12][C@H:13]([OH:14])[C@@H:15]([CH2:16][O:17][P:18](=[O:19])([OH:20])[O:21][P:22](=[O:23])([OH:24])[O:25][P:26](=[O:27])([OH:28])[OH:29])[O:30]2)[c:31](=[O:32])[nH:33][c:34]1=[O:35]>>[CH2:1]=[C:2]([O:3][P:26](=[O:27])([OH:28])[OH:29])[C:4](=[O:5])[OH:6].[CH3:7][c:8]1[cH:9][n:10]([C@H:11]2[CH2:12][C@H:13]([OH:14])[C@@H:15]([CH2:16][O:17][P:18](=[O:19])([OH:20])[O:21][P:22](=[O:23])([OH:24])[OH:25])[O:30]2)[c:31](=[O:32])[nH:33][c:34]1=[O:35],CC(=O)C(=O)O.Cc1cn([C@H]2C[C@H](O)[C@@H](COP(=O)(O)OP(=O)(O)OP(=O)(O)O)O2)c(=O)[nH]c1=O>>C=C(OP(=O)(O)O)C(=O)O.Cc1cn([C@H]2C[C@H](O)[C@@H](COP(=O)(O)OP(=O)(O)O)O2)c(=O)[nH]c1=O,TDP + phosphoenolpyruvate = TTP + pyruvate,[#6:1]=[#6:2]-[#8:3]-[#15:4].[#8:5]>>[#6:1]-[#6:2]=[#8:3].[#8:5]-[#15:4],334,direct reversed_suggested,single,1.0,False,Streptococcus mutans,[],,2.7.1.40
193124,[CH3:1][CH2:2][CH2:3][CH2:4][CH2:5][CH2:6][CH2:7][C:8](=[O:9])[O:10][c:11]1[cH:12][cH:13][c:14]([N+:15](=[O:16])[O-:17])[cH:18][cH:19]1.[OH2:20]>>[CH3:1][CH2:2][CH2:3][CH2:4][CH2:5][CH2:6][CH2:7][C:8](=[O:9])[OH:20].[OH:10][c:11]1[cH:12][cH:13][c:14]([N+:15](=[O:16])[O-:17])[cH:18][cH:19]1,CCCCCCCC(=O)Oc1ccc([N+](=O)[O-])cc1.O>>CCCCCCCC(=O)O.O=[N+]([O-])c1ccc(O)cc1,p-nitrophenyl caprylate + H2O = p-nitrophenol + caprylate,[#6:1]-[#8:2].[#8:3]>>[#6:1]-[#8:3].[#8:2],279,direct,single,0.9578355586788476,False,Thermotoga maritima,[],,3.1.1.1
159182,[CH3:1][C:2](=[O:3])[O:4][CH2:5][CH:6]([CH2:7][OH:8])[O:9][C:10]([CH3:11])=[O:12].[NH2:13][c:14]1[n:15][cH:16][n:17][c:18]2[c:19]1[n:20][cH:21][n:22]2[C@@H:23]1[O:24][C@H:25]([CH2:26][O:27][P:28](=[O:29])([OH:30])[O:31][P:32](=[O:33])([OH:34])[O:35][P:36](=[O:37])([OH:38])[OH:39])[C@@H:40]([OH:41])[C@H:42]1[OH:43]>>[CH3:1][C:2](=[O:3])[O:4][CH2:5][CH:6]([CH2:7][O:8][P:32](=[O:33])([OH:34])[O:35][P:36](=[O:37])([OH:38])[OH:39])[O:9][C:10]([CH3:11])=[O:12].[NH2:13][c:14]1[n:15][cH:16][n:17][c:18]2[c:19]1[n:20][cH:21][n:22]2[C@@H:23]1[O:24][C@H:25]([CH2:26][O:27][P:28](=[O:29])([OH:30])[OH:31])[C@@H:40]([OH:41])[C@H:42]1[OH:43],CC(=O)OCC(CO)OC(C)=O.Nc1ncnc2c1ncn2[C@@H]1O[C@H](COP(=O)(O)OP(=O)(O)OP(=O)(O)O)[C@@H](O)[C@H]1O>>CC(=O)OCC(COP(=O)(O)OP(=O)(O)O)OC(C)=O.Nc1ncnc2c1ncn2[C@@H]1O[C@H](COP(=O)(O)O)[C@@H](O)[C@H]1O,"ATP + 1,2-diacylglycerol = ADP + 1,2-diacyl-sn-glycerol 3-phosphate   {ir}",[#8:1].[#8:2]-[#15:3]>>[#8:2].[#8:1]-[#15:3],281,suggested,single,1.0,False,Mus musculus,['O88673'],uniprot,2.7.1.107
3713,[CH3:1][C:2](=[O:3])[C@H:4]1[CH2:5][CH2:6][C@H:7]2[C@@H:8]3[CH2:9][CH:10]=[C:11]4[CH2:12][C@@H:13]([OH:14])[CH2:15][CH2:16][C@:17]4([CH3:18])[C@H:19]3[CH2:20][CH2:21][C@:22]12[CH3:23].[NH2:24][C:25](=[O:26])[c:27]1[cH:28][cH:29][cH:30][n+:31]([C@@H:32]2[O:33][C@H:34]([CH2:35][O:36][P:37](=[O:38])([OH:39])[O:40][P:41](=[O:42])([OH:43])[O:44][CH2:45][C@H:46]3[O:47][C@@H:48]([n:49]4[cH:50][n:51][c:52]5[c:53]([NH2:54])[n:55][cH:56][n:57][c:58]45)[C@H:59]([O:60][P:61](=[O:62])([OH:63])[OH:64])[C@@H:65]3[OH:66])[C@@H:67]([OH:68])[C@H:69]2[OH:70])[cH:71]1>>[CH3:1][C:2](=[O:3])[C@H:4]1[CH2:5][CH2:6][C@H:7]2[C@@H:8]3[CH2:9][CH:10]=[C:11]4[CH2:12][C:13](=[O:14])[CH2:15][CH2:16][C@:17]4([CH3:18])[C@H:19]3[CH2:20][CH2:21][C@:22]12[CH3:23].[H+].[NH2:24][C:25](=[O:26])[C:27]1=[CH:71][N:31]([C@@H:32]2[O:33][C@H:34]([CH2:35][O:36][P:37](=[O:38])([OH:39])[O:40][P:41](=[O:42])([OH:43])[O:44][CH2:45][C@H:46]3[O:47][C@@H:48]([n:49]4[cH:50][n:51][c:52]5[c:53]([NH2:54])[n:55][cH:56][n:57][c:58]45)[C@H:59]([O:60][P:61](=[O:62])([OH:63])[OH:64])[C@@H:65]3[OH:66])[C@@H:67]([OH:68])[C@H:69]2[OH:70])[CH:30]=[CH:29][CH2:28]1,CC(=O)[C@H]1CC[C@H]2[C@@H]3CC=C4C[C@@H](O)CC[C@]4(C)[C@H]3CC[C@]12C.NC(=O)c1ccc[n+]([C@@H]2O[C@H](COP(=O)(O)OP(=O)(O)OC[C@H]3O[C@@H](n4cnc5c(N)ncnc54)[C@H](OP(=O)(O)O)[C@@H]3O)[C@@H](O)[C@H]2O)c1>>CC(=O)[C@H]1CC[C@H]2[C@@H]3CC=C4CC(=O)CC[C@]4(C)[C@H]3CC[C@]12C.NC(=O)C1=CN([C@@H]2O[C@H](COP(=O)(O)OP(=O)(O)OC[C@H]3O[C@@H](n4cnc5c(N)ncnc54)[C@H](OP(=O)(O)O)[C@@H]3O)[C@@H](O)[C@H]2O)C=CC1.[H+],"pregnenolone + NAD(P)+ = pregn-5-en-3,20-dione + NAD(P)H + H+",[#6:1]-[#8:2].[#6:3]1:[#6:4]:[#6:5]:[#6:6]:[#7+:7]:[#6:8]:1>>[#6:3]1=[#6:8]-[#7+0:7]-[#6:6]=[#6:5]-[#6:4]-1.[#6:1]=[#8:2],1,direct,single,0.88,True,Digitalis lanata,[],,1.1.1.145
80192,[CH3:1][C@H:2]([NH2:3])[C:4](=[O:5])[OH:6].[NH2:7][C:8](=[O:9])[c:10]1[cH:11][cH:12][cH:13][n+:14]([C@@H:15]2[O:16][C@H:17]([CH2:18][O:19][P:20](=[O:21])([OH:22])[O:23][P:24](=[O:25])([OH:26])[O:27][CH2:28][C@H:29]3[O:30][C@@H:31]([n:32]4[cH:33][n:34][c:35]5[c:36]([NH2:37])[n:38][cH:39][n:40][c:41]45)[C@H:42]([OH:43])[C@@H:44]3[OH:45])[C@@H:46]([OH:47])[C@H:48]2[OH:49])[cH:50]1.[OH2:51]>>[CH3:1][C:2]([C:4](=[O:5])[OH:6])=[O:51].[H+].[NH2:7][C:8](=[O:9])[C:10]1=[CH:50][N:14]([C@@H:15]2[O:16][C@H:17]([CH2:18][O:19][P:20](=[O:21])([OH:22])[O:23][P:24](=[O:25])([OH:26])[O:27][CH2:28][C@H:29]3[O:30][C@@H:31]([n:32]4[cH:33][n:34][c:35]5[c:36]([NH2:37])[n:38][cH:39][n:40][c:41]45)[C@H:42]([OH:43])[C@@H:44]3[OH:45])[C@@H:46]([OH:47])[C@H:48]2[OH:49])[CH:13]=[CH:12][CH2:11]1.[NH3:3],C[C@H](N)C(=O)O.NC(=O)c1ccc[n+]([C@@H]2O[C@H](COP(=O)(O)OP(=O)(O)OC[C@H]3O[C@@H](n4cnc5c(N)ncnc54)[C@H](O)[C@@H]3O)[C@@H](O)[C@H]2O)c1.O>>CC(=O)C(=O)O.N.NC(=O)C1=CN([C@@H]2O[C@H](COP(=O)(O)OP(=O)(O)OC[C@H]3O[C@@H](n4cnc5c(N)ncnc54)[C@H](O)[C@@H]3O)[C@@H](O)[C@H]2O)C=CC1.[H+],L-Ala + H2O + NAD+ = pyruvate + NH3 + NADH  {r},[#6:1]-[#7:2].[#6:3]1:[#6:4]:[#6:5]:[#6:6]:[#7+:7]:[#6:8]:1.[#8:9]>>[#6:3]1=[#6:8]-[#7+0:7]-[#6:6]=[#6:5]-[#6:4]-1.[#6:1]=[#8:9].[#7:2],297,direct,single,1.0,False,Kitasatospora albolonga,[],,1.4.1.1
307529,[O:1]=[P:2]([OH:3])([OH:4])[O:5][CH2:6][C@H:7]1[O:8][C@@H:9]([OH:10])[C@H:11]([OH:12])[C@@H:13]([OH:14])[C@@H:15]1[OH:16]>>[O:1]=[P:2]([OH:3])([OH:4])[O:10][C@@H:9]1[O:8][C@H:7]([CH2:6][OH:5])[C@@H:15]([OH:16])[C@H:13]([OH:14])[C@H:11]1[OH:12],O=P(O)(O)OC[C@H]1O[C@@H](O)[C@H](O)[C@@H](O)[C@@H]1O>>O=P(O)(O)O[C@@H]1O[C@H](CO)[C@@H](O)[C@H](O)[C@H]1O,beta-D-Glucose 1-phosphate = beta-D-Glucose 6-phosphate  {r},([#8:1].[#8:2]-[#15:3])>>([#8:2].[#8:1]-[#15:3]),311,direct reversed,single,1.0,True,Escherichia coli,['P77366'],swissprot,5.4.2.6
105632,[CH3:1][S+:2]([CH2:3][CH2:4][C@H:5]([NH2:6])[C:7](=[O:8])[OH:9])[CH2:10][C@H:11]1[O:12][C@@H:13]([n:14]2[cH:15][n:16][c:17]3[c:18]([NH2:19])[n:20][cH:21][n:22][c:23]23)[C@H:24]([OH:25])[C@@H:26]1[OH:27].[OH:28][c:29]1[cH:30][cH:31][cH:32][cH:33][c:34]1[OH:35]>>[CH3:1][O:28][c:29]1[cH:30][cH:31][cH:32][cH:33][c:34]1[OH:35].[H+].[S:2]([CH2:3][CH2:4][C@H:5]([NH2:6])[C:7](=[O:8])[OH:9])[CH2:10][C@H:11]1[O:12][C@@H:13]([n:14]2[cH:15][n:16][c:17]3[c:18]([NH2:19])[n:20][cH:21][n:22][c:23]23)[C@H:24]([OH:25])[C@@H:26]1[OH:27],C[S+](CC[C@H](N)C(=O)O)C[C@H]1O[C@@H](n2cnc3c(N)ncnc32)[C@H](O)[C@@H]1O.Oc1ccccc1O>>COc1ccccc1O.Nc1ncnc2c1ncn2[C@@H]1O[C@H](CSCC[C@H](N)C(=O)O)[C@@H](O)[C@H]1O.[H+],catechol + S-adenosyl-L-methionine = guaiacol + S-adenosyl-L-homocysteine,[#6:1]-[#16+:2].[#8:3]>>[#16+0:2].[#6:1]-[#8:3],288,direct,single,1.0,False,Neotoma stephensi,[],,2.1.1.6
139345,[CH3:1][O:2][C@H:3]1[C@H:4]([O:5][C@H:6]2[C@H:7]([OH:8])[C@@H:9]([NH:10][C:11]([CH3:12])=[O:13])[C@H:14]([OH:15])[O:16][C@@H:17]2[CH2:18][OH:19])[O:20][C@H:21]([CH2:22][OH:23])[C@H:24]([OH:25])[C@@H:26]1[OH:27].[CH3:28][C@@H:29]1[O:30][C@H:31]([O:32][P:33](=[O:34])([OH:35])[O:36][P:37](=[O:38])([OH:39])[O:40][CH2:41][C@H:42]2[O:43][C@@H:44]([n:45]3[cH:46][n:47][c:48]4[c:49](=[O:50])[nH:51][c:52]([NH2:53])[n:54][c:55]34)[C@H:56]([OH:57])[C@@H:58]2[OH:59])[C@@H:60]([OH:61])[C@H:62]([OH:63])[C@@H:64]1[OH:65]>>[CH3:1][O:2][C@H:3]1[C@H:4]([O:5][C@H:6]2[C@H:7]([O:8][C@H:31]3[O:30][C@@H:29]([CH3:28])[C@@H:64]([OH:65])[C@@H:62]([OH:63])[C@@H:60]3[OH:61])[C@@H:9]([NH:10][C:11]([CH3:12])=[O:13])[C@H:14]([OH:15])[O:16][C@@H:17]2[CH2:18][OH:19])[O:20][C@H:21]([CH2:22][OH:23])[C@H:24]([OH:25])[C@@H:26]1[OH:27].[OH:32][P:33](=[O:34])([OH:35])[O:36][P:37](=[O:38])([OH:39])[O:40][CH2:41][C@H:42]1[O:43][C@@H:44]([n:45]2[cH:46][n:47][c:48]3[c:49](=[O:50])[nH:51][c:52]([NH2:53])[n:54][c:55]23)[C@H:56]([OH:57])[C@@H:58]1[OH:59],CO[C@H]1[C@H](O[C@H]2[C@H](O)[C@@H](NC(C)=O)[C@H](O)O[C@@H]2CO)O[C@H](CO)[C@H](O)[C@@H]1O.C[C@@H]1O[C@H](OP(=O)(O)OP(=O)(O)OC[C@H]2O[C@@H](n3cnc4c(=O)[nH]c(N)nc43)[C@H](O)[C@@H]2O)[C@@H](O)[C@H](O)[C@@H]1O>>CO[C@H]1[C@H](O[C@H]2[C@H](O[C@H]3O[C@@H](C)[C@@H](O)[C@@H](O)[C@@H]3O)[C@@H](NC(C)=O)[C@H](O)O[C@@H]2CO)O[C@H](CO)[C@H](O)[C@@H]1O.Nc1nc2c(ncn2[C@@H]2O[C@H](COP(=O)(O)OP(=O)(O)O)[C@@H](O)[C@H]2O)c(=O)[nH]1,"GDP-fucose + 2-O-MeGal-beta-1,4GlcNAc = GDP + 2-O-MeGal-beta-1,4(Fuc-alpha-1,3)GlcNAc",[#6:1]-[#8:2].[#8:3]>>[#6:1]-[#8:3].[#8:2],279,direct,single,1.0,False,Homo sapiens,['Q11128'],swissprot,2.4.1.65
191772,[CH3:1][C:2]([CH3:3])([CH2:4][O:5][P:6](=[O:7])([OH:8])[O:9][P:10](=[O:11])([OH:12])[O:13][CH2:14][C@H:15]1[O:16][C@@H:17]([n:18]2[cH:19][n:20][c:21]3[c:22]([NH2:23])[n:24][cH:25][n:26][c:27]23)[C@H:28]([OH:29])[C@@H:30]1[O:31][P:32](=[O:33])([OH:34])[OH:35])[C@@H:36]([OH:37])[C:38](=[O:39])[NH:40][CH2:41][CH2:42][C:43](=[O:44])[NH:45][CH2:46][CH2:47][S:48][C:49](=[O:50])[CH2:51][CH2:52][C:53](=[O:54])[OH:55].[O:56]=[CH:57][OH:58]>>[CH2:51]([CH2:52][C:53](=[O:54])[OH:55])[C:57](=[O:56])[OH:58].[CH3:1][C:2]([CH3:3])([CH2:4][O:5][P:6](=[O:7])([OH:8])[O:9][P:10](=[O:11])([OH:12])[O:13][CH2:14][C@H:15]1[O:16][C@@H:17]([n:18]2[cH:19][n:20][c:21]3[c:22]([NH2:23])[n:24][cH:25][n:26][c:27]23)[C@H:28]([OH:29])[C@@H:30]1[O:31][P:32](=[O:33])([OH:34])[OH:35])[C@@H:36]([OH:37])[C:38](=[O:39])[NH:40][CH2:41][CH2:42][C:43](=[O:44])[NH:45][CH2:46][CH2:47][S:48][CH:49]=[O:50],CC(C)(COP(=O)(O)OP(=O)(O)OC[C@H]1O[C@@H](n2cnc3c(N)ncnc32)[C@H](O)[C@@H]1OP(=O)(O)O)[C@@H](O)C(=O)NCCC(=O)NCCSC(=O)CCC(=O)O.O=CO>>CC(C)(COP(=O)(O)OP(=O)(O)OC[C@H]1O[C@@H](n2cnc3c(N)ncnc32)[C@H](O)[C@@H]1OP(=O)(O)O)[C@@H](O)C(=O)NCCC(=O)NCCSC=O.O=C(O)CCC(=O)O,succinyl-CoA + formate = formyl-CoA + succinate,[#6:1].[#6:2]-[#6:3]>>[#6:2].[#6:1]-[#6:3],284,direct,single,0.6666666666666666,False,Acetobacter aceti,['B3EY95'],uniprot,2.8.3.18
219294,[OH2:1].[OH:2][CH2:3][C@H:4]1[O:5][C@H:6]([O:7][C@H:8]2[C@H:9]([OH:10])[C@@H:11]([OH:12])[C@@H:13]([O:14][C@H:15]3[C@H:16]([OH:17])[C@@H:18]([OH:19])[C@@H:20]([OH:21])[O:22][C@@H:23]3[CH2:24][OH:25])[O:26][C@@H:27]2[CH2:28][OH:29])[C@H:30]([OH:31])[C@@H:32]([OH:33])[C@@H:34]1[OH:35]>>[OH:1][CH:6]1[O:5][C@H:4]([CH2:3][OH:2])[C@@H:34]([OH:35])[C@H:32]([OH:33])[C@H:30]1[OH:31].[OH:7][C@H:8]1[C@H:9]([OH:10])[C@@H:11]([OH:12])[C@@H:13]([O:14][C@H:15]2[C@H:16]([OH:17])[C@@H:18]([OH:19])[C@@H:20]([OH:21])[O:22][C@@H:23]2[CH2:24][OH:25])[O:26][C@@H:27]1[CH2:28][OH:29],O.OC[C@H]1O[C@H](O[C@H]2[C@H](O)[C@@H](O)[C@@H](O[C@H]3[C@H](O)[C@@H](O)[C@@H](O)O[C@@H]3CO)O[C@@H]2CO)[C@H](O)[C@@H](O)[C@@H]1O>>OC[C@H]1OC(O)[C@H](O)[C@@H](O)[C@@H]1O.OC[C@H]1O[C@H](O[C@H]2[C@H](O)[C@@H](O)[C@@H](O)O[C@@H]2CO)[C@H](O)[C@@H](O)[C@@H]1O,maltotriose + H2O = maltose + D-glucose,[#6:1]-[#8:2].[#8:3]>>[#6:1]-[#8:3].[#8:2],279,direct,single,0.9965870307167236,False,Geobacillus stearothermophilus,[],,3.2.1.133
68863,[CH3:1][N+:2]([CH3:3])([CH3:4])[CH2:5][CH:6]=[O:7].[NH2:8][C:9](=[O:10])[c:11]1[cH:12][cH:13][cH:14][n+:15]([C@@H:16]2[O:17][C@H:18]([CH2:19][O:20][P:21](=[O:22])([OH:23])[O:24][P:25](=[O:26])([OH:27])[O:28][CH2:29][C@H:30]3[O:31][C@@H:32]([n:33]4[cH:34][n:35][c:36]5[c:37]([NH2:38])[n:39][cH:40][n:41][c:42]45)[C@H:43]([OH:44])[C@@H:45]3[OH:46])[C@@H:47]([OH:48])[C@H:49]2[OH:50])[cH:51]1.[OH2:52]>>[CH3:1][N+:2]([CH3:3])([CH3:4])[CH2:5][C:6](=[O:7])[OH:52].[H+].[NH2:8][C:9](=[O:10])[C:11]1=[CH:51][N:15]([C@@H:16]2[O:17][C@H:18]([CH2:19][O:20][P:21](=[O:22])([OH:23])[O:24][P:25](=[O:26])([OH:27])[O:28][CH2:29][C@H:30]3[O:31][C@@H:32]([n:33]4[cH:34][n:35][c:36]5[c:37]([NH2:38])[n:39][cH:40][n:41][c:42]45)[C@H:43]([OH:44])[C@@H:45]3[OH:46])[C@@H:47]([OH:48])[C@H:49]2[OH:50])[CH:14]=[CH:13][CH2:12]1,C[N+](C)(C)CC=O.NC(=O)c1ccc[n+]([C@@H]2O[C@H](COP(=O)(O)OP(=O)(O)OC[C@H]3O[C@@H](n4cnc5c(N)ncnc54)[C@H](O)[C@@H]3O)[C@@H](O)[C@H]2O)c1.O>>C[N+](C)(C)CC(=O)O.NC(=O)C1=CN([C@@H]2O[C@H](COP(=O)(O)OP(=O)(O)OC[C@H]3O[C@@H](n4cnc5c(N)ncnc54)[C@H](O)[C@@H]3O)[C@@H](O)[C@H]2O)C=CC1.[H+],betaine aldehyde + NAD+ + H2O = betaine + NADH + 2 H+  {ir},[#6:1].[#6:2]1:[#6:3]:[#6:4]:[#6:5]:[#7+:6]:[#6:7]:1.[#8:8]>>[#6:1]-[#8:8].[#6:2]1=[#6:7]-[#7+0:6]-[#6:5]=[#6:4]-[#6:3]-1,90,direct,single,1.0,True,Sus scrofa,[],,1.2.1.8
180359,[NH2:1][c:2]1[n:3][c:4]2[c:5]([n:6][cH:7][n:8]2[C@@H:9]2[O:10][C@H:11]([CH2:12][O:13][P:14](=[O:15])([OH:16])[O:17][P:18](=[O:19])([OH:20])[O:21][P:22](=[O:23])([OH:24])[OH:25])[C@@H:26]([OH:27])[C@H:28]2[OH:29])[c:30](=[O:31])[nH:32]1.[NH2:33][c:34]1[n:35][cH:36][n:37][c:38]2[c:39]1[n:40][cH:41][n:42]2[C@@H:43]1[O:44][C@H:45]([CH2:46][O:47][P:48](=[O:49])([OH:50])[O:51][P:52](=[O:53])([OH:54])[O:55][P:56](=[O:57])([OH:58])[OH:59])[C@@H:60]([OH:61])[C@H:62]1[OH:63]>>[NH2:1][c:2]1[n:3][c:4]2[c:5]([n:6][cH:7][n:8]2[C@@H:9]2[O:10][C@H:11]([CH2:12][O:13][P:14](=[O:15])([OH:16])[O:17][P:18](=[O:19])([OH:20])[O:21][P:22](=[O:23])([OH:24])[OH:25])[C@@H:26]([O:27][P:52](=[O:53])([OH:54])[O:55][P:56](=[O:57])([OH:58])[OH:59])[C@H:28]2[OH:29])[c:30](=[O:31])[nH:32]1.[NH2:33][c:34]1[n:35][cH:36][n:37][c:38]2[c:39]1[n:40][cH:41][n:42]2[C@@H:43]1[O:44][C@H:45]([CH2:46][O:47][P:48](=[O:49])([OH:50])[OH:51])[C@@H:60]([OH:61])[C@H:62]1[OH:63],Nc1nc2c(ncn2[C@@H]2O[C@H](COP(=O)(O)OP(=O)(O)OP(=O)(O)O)[C@@H](O)[C@H]2O)c(=O)[nH]1.Nc1ncnc2c1ncn2[C@@H]1O[C@H](COP(=O)(O)OP(=O)(O)OP(=O)(O)O)[C@@H](O)[C@H]1O>>Nc1nc2c(ncn2[C@@H]2O[C@H](COP(=O)(O)OP(=O)(O)OP(=O)(O)O)[C@@H](OP(=O)(O)OP(=O)(O)O)[C@H]2O)c(=O)[nH]1.Nc1ncnc2c1ncn2[C@@H]1O[C@H](COP(=O)(O)O)[C@@H](O)[C@H]1O,ATP + GTP = AMP + guanosine 3'-diphosphate 5'-triphosphate,[#8:1].[#8:2]-[#15:3]>>[#8:2].[#8:1]-[#15:3],281,direct,single,0.8490566037735849,False,Escherichia coli,[],,2.7.6.5
4852,[CH3:1][CH:2]([OH:3])[C:4](=[O:5])[CH:6]1[CH2:7][NH:8][c:9]2[n:10][c:11]([NH2:12])[nH:13][c:14](=[O:15])[c:16]2[NH:17]1.[H+].[NH2:18][C:19](=[O:20])[C:21]1=[CH:22][N:23]([C@@H:24]2[O:25][C@H:26]([CH2:27][O:28][P:29](=[O:30])([OH:31])[O:32][P:33](=[O:34])([OH:35])[O:36][CH2:37][C@H:38]3[O:39][C@@H:40]([n:41]4[cH:42][n:43][c:44]5[c:45]([NH2:46])[n:47][cH:48][n:49][c:50]45)[C@H:51]([O:52][P:53](=[O:54])([OH:55])[OH:56])[C@@H:57]3[OH:58])[C@@H:59]([OH:60])[C@H:61]2[OH:62])[CH:63]=[CH:64][CH2:65]1>>[CH3:1][C@H:2]([OH:3])[C@H:4]([OH:5])[C@H:6]1[CH2:7][NH:8][c:9]2[n:10][c:11]([NH2:12])[nH:13][c:14](=[O:15])[c:16]2[NH:17]1.[NH2:18][C:19](=[O:20])[c:21]1[cH:22][n+:23]([C@@H:24]2[O:25][C@H:26]([CH2:27][O:28][P:29](=[O:30])([OH:31])[O:32][P:33](=[O:34])([OH:35])[O:36][CH2:37][C@H:38]3[O:39][C@@H:40]([n:41]4[cH:42][n:43][c:44]5[c:45]([NH2:46])[n:47][cH:48][n:49][c:50]45)[C@H:51]([O:52][P:53](=[O:54])([OH:55])[OH:56])[C@@H:57]3[OH:58])[C@@H:59]([OH:60])[C@H:61]2[OH:62])[cH:63][cH:64][cH:65]1,CC(O)C(=O)C1CNc2nc(N)[nH]c(=O)c2N1.NC(=O)C1=CN([C@@H]2O[C@H](COP(=O)(O)OP(=O)(O)OC[C@H]3O[C@@H](n4cnc5c(N)ncnc54)[C@H](OP(=O)(O)O)[C@@H]3O)[C@@H](O)[C@H]2O)C=CC1.[H+]>>C[C@H](O)[C@H](O)[C@H]1CNc2nc(N)[nH]c(=O)c2N1.NC(=O)c1ccc[n+]([C@@H]2O[C@H](COP(=O)(O)OP(=O)(O)OC[C@H]3O[C@@H](n4cnc5c(N)ncnc54)[C@H](OP(=O)(O)O)[C@@H]3O)[C@@H](O)[C@H]2O)c1,lactoyltetrahydropterin + NADPH + H+ = L-erythro-tetrahydrobiopterin + NADP+,[#6:1]1=[#6:2]-[#7:3]-[#6:4]=[#6:5]-[#6:6]-1.[#6:7]=[#8:8]>>[#6:7]-[#8:8].[#6:1]1:[#6:6]:[#6:5]:[#6:4]:[#7+:3]:[#6:2]:1,0,direct,single,0.972027972027972,False,Rattus norvegicus,[],,1.1.1.153
20775,[CH3:1][C:2](=[O:3])[C:4](=[O:5])[OH:6].[H+].[NH2:7][C:8](=[O:9])[C:10]1=[CH:11][N:12]([C@@H:13]2[O:14][C@H:15]([CH2:16][O:17][P:18](=[O:19])([OH:20])[O:21][P:22](=[O:23])([OH:24])[O:25][CH2:26][C@H:27]3[O:28][C@@H:29]([n:30]4[cH:31][n:32][c:33]5[c:34]([NH2:35])[n:36][cH:37][n:38][c:39]45)[C@H:40]([OH:41])[C@@H:42]3[OH:43])[C@@H:44]([OH:45])[C@H:46]2[OH:47])[CH:48]=[CH:49][CH2:50]1.[O:51]=[C:52]=[O:53]>>[CH2:1]([C@H:2]([OH:3])[C:4](=[O:5])[OH:6])[C:52]([OH:51])=[O:53].[NH2:7][C:8](=[O:9])[c:10]1[cH:11][n+:12]([C@@H:13]2[O:14][C@H:15]([CH2:16][O:17][P:18](=[O:19])([OH:20])[O:21][P:22](=[O:23])([OH:24])[O:25][CH2:26][C@H:27]3[O:28][C@@H:29]([n:30]4[cH:31][n:32][c:33]5[c:34]([NH2:35])[n:36][cH:37][n:38][c:39]45)[C@H:40]([OH:41])[C@@H:42]3[OH:43])[C@@H:44]([OH:45])[C@H:46]2[OH:47])[cH:48][cH:49][cH:50]1,CC(=O)C(=O)O.NC(=O)C1=CN([C@@H]2O[C@H](COP(=O)(O)OP(=O)(O)OC[C@H]3O[C@@H](n4cnc5c(N)ncnc54)[C@H](O)[C@@H]3O)[C@@H](O)[C@H]2O)C=CC1.O=C=O.[H+]>>NC(=O)c1ccc[n+]([C@@H]2O[C@H](COP(=O)(O)OP(=O)(O)OC[C@H]3O[C@@H](n4cnc5c(N)ncnc54)[C@H](O)[C@@H]3O)[C@@H](O)[C@H]2O)c1.O=C(O)C[C@H](O)C(=O)O,(S)-malate + NAD+ = pyruvate + CO2 + NADH,[#6:1]1:[#6:2]:[#6:3]:[#6:4]:[#7+:5]:[#6:6]:1.[#8:7]-[#6:8]-[#6:9]-[#6:10]-[#8:11]>>[#6:9]-[#6:10]=[#8:11].[#6:1]1=[#6:6]-[#7+0:5]-[#6:4]=[#6:3]-[#6:2]-1.[#6:8]=[#8:7],96,direct reversed_suggested,single,1.0,False,Clarias gariepinus,[],,1.1.1.39
15818,[NH2:1][C:2](=[O:3])[c:4]1[cH:5][cH:6][cH:7][n+:8]([C@@H:9]2[O:10][C@H:11]([CH2:12][O:13][P:14](=[O:15])([OH:16])[O:17][P:18](=[O:19])([OH:20])[O:21][CH2:22][C@H:23]3[O:24][C@@H:25]([n:26]4[cH:27][n:28][c:29]5[c:30]([NH2:31])[n:32][cH:33][n:34][c:35]45)[C@H:36]([O:37][P:38](=[O:39])([OH:40])[OH:41])[C@@H:42]3[OH:43])[C@@H:44]([OH:45])[C@H:46]2[OH:47])[cH:48]1.[NH2:49][C@@H:50]([CH2:51][CH2:52][OH:53])[C:54](=[O:55])[OH:56]>>[H+].[NH2:1][C:2](=[O:3])[C:4]1=[CH:48][N:8]([C@@H:9]2[O:10][C@H:11]([CH2:12][O:13][P:14](=[O:15])([OH:16])[O:17][P:18](=[O:19])([OH:20])[O:21][CH2:22][C@H:23]3[O:24][C@@H:25]([n:26]4[cH:27][n:28][c:29]5[c:30]([NH2:31])[n:32][cH:33][n:34][c:35]45)[C@H:36]([O:37][P:38](=[O:39])([OH:40])[OH:41])[C@@H:42]3[OH:43])[C@@H:44]([OH:45])[C@H:46]2[OH:47])[CH:7]=[CH:6][CH2:5]1.[NH2:49][C@@H:50]([CH2:51][CH:52]=[O:53])[C:54](=[O:55])[OH:56],NC(=O)c1ccc[n+]([C@@H]2O[C@H](COP(=O)(O)OP(=O)(O)OC[C@H]3O[C@@H](n4cnc5c(N)ncnc54)[C@H](OP(=O)(O)O)[C@@H]3O)[C@@H](O)[C@H]2O)c1.N[C@@H](CCO)C(=O)O>>NC(=O)C1=CN([C@@H]2O[C@H](COP(=O)(O)OP(=O)(O)OC[C@H]3O[C@@H](n4cnc5c(N)ncnc54)[C@H](OP(=O)(O)O)[C@@H]3O)[C@@H](O)[C@H]2O)C=CC1.N[C@@H](CC=O)C(=O)O.[H+],L-homoserine + NADP+ = L-aspartate 4-semialdehyde + NADPH + H+,[#6:1]-[#8:2].[#6:3]1:[#6:4]:[#6:5]:[#6:6]:[#7+:7]:[#6:8]:1>>[#6:3]1=[#6:8]-[#7+0:7]-[#6:6]=[#6:5]-[#6:4]-1.[#6:1]=[#8:2],1,direct,single,1.0,False,Staphylococcus aureus,['A0A0H2WVX4'],uniprot,1.1.1.3
69637,[NH2:1][C:2](=[O:3])[c:4]1[cH:5][cH:6][cH:7][n+:8]([C@@H:9]2[O:10][C@H:11]([CH2:12][O:13][P:14](=[O:15])([OH:16])[O:17][P:18](=[O:19])([OH:20])[O:21][CH2:22][C@H:23]3[O:24][C@@H:25]([n:26]4[cH:27][n:28][c:29]5[c:30]([NH2:31])[n:32][cH:33][n:34][c:35]45)[C@H:36]([OH:37])[C@@H:38]3[OH:39])[C@@H:40]([OH:41])[C@H:42]2[OH:43])[cH:44]1.[O:46]=[C:47]([OH:48])[C@@H:49]1[CH2:50][CH2:51][CH:52]=[N:53]1.[OH2:45]>>[H+].[NH2:1][C:2](=[O:3])[C:4]1=[CH:44][N:8]([C@@H:9]2[O:10][C@H:11]([CH2:12][O:13][P:14](=[O:15])([OH:16])[O:17][P:18](=[O:19])([OH:20])[O:21][CH2:22][C@H:23]3[O:24][C@@H:25]([n:26]4[cH:27][n:28][c:29]5[c:30]([NH2:31])[n:32][cH:33][n:34][c:35]45)[C@H:36]([OH:37])[C@@H:38]3[OH:39])[C@@H:40]([OH:41])[C@H:42]2[OH:43])[CH:7]=[CH:6][CH2:5]1.[OH:45][C:52]1=[N:53][C@H:49]([C:47](=[O:46])[OH:48])[CH2:50][CH2:51]1,NC(=O)c1ccc[n+]([C@@H]2O[C@H](COP(=O)(O)OP(=O)(O)OC[C@H]3O[C@@H](n4cnc5c(N)ncnc54)[C@H](O)[C@@H]3O)[C@@H](O)[C@H]2O)c1.O.O=C(O)[C@@H]1CCC=N1>>NC(=O)C1=CN([C@@H]2O[C@H](COP(=O)(O)OP(=O)(O)OC[C@H]3O[C@@H](n4cnc5c(N)ncnc54)[C@H](O)[C@@H]3O)[C@@H](O)[C@H]2O)C=CC1.O=C(O)[C@@H]1CCC(O)=N1.[H+],1-pyrroline-5-carboxylate + NAD+ + H2O = L-glutamate + NADH,[#6:1].[#6:2]1:[#6:3]:[#6:4]:[#6:5]:[#7+:6]:[#6:7]:1.[#8:8]>>[#6:1]-[#8:8].[#6:2]1=[#6:7]-[#7+0:6]-[#6:5]=[#6:4]-[#6:3]-1,90,suggested,single,0.7664233576642335,False,Rattus norvegicus,[],,1.2.1.88
212675,[O:2]=[N+:3]([O-:4])[c:5]1[cH:6][cH:7][c:8]([O:9][P:10](=[O:11])([OH:12])[OH:13])[cH:14][cH:15]1.[OH2:1]>>[OH:1][c:8]1[cH:7][cH:6][c:5]([N+:3](=[O:2])[O-:4])[cH:15][cH:14]1.[OH:9][P:10](=[O:11])([OH:12])[OH:13],O.O=[N+]([O-])c1ccc(OP(=O)(O)O)cc1>>O=P(O)(O)O.O=[N+]([O-])c1ccc(O)cc1,4-nitrophenyl phosphate + H2O = 4-nitrophenol + phosphate,[#6:1]-[#8:2].[#8:3]>>[#6:1]-[#8:3].[#8:2],279,direct,single,0.7349081364829396,False,Aspergillus niger,[],,3.1.3.8
227596,[OH2:1].[OH:2][CH2:3][C@H:4]1[O:5][C@H:6]([O:7][C@H:8]2[C@H:9]([OH:10])[C@@H:11]([OH:12])[C@@H:13]([OH:14])[O:15][C@@H:16]2[CH2:17][OH:18])[C@H:19]([OH:20])[C@@H:21]([OH:22])[C@@H:23]1[OH:24]>>[OH:1][C@@H:6]1[O:5][C@H:4]([CH2:3][OH:2])[C@@H:23]([OH:24])[C@H:21]([OH:22])[C@H:19]1[OH:20].[OH:7][C@H:8]1[C@H:9]([OH:10])[C@@H:11]([OH:12])[C@@H:13]([OH:14])[O:15][C@@H:16]1[CH2:17][OH:18],O.OC[C@H]1O[C@H](O[C@H]2[C@H](O)[C@@H](O)[C@@H](O)O[C@@H]2CO)[C@H](O)[C@@H](O)[C@@H]1O>>OC[C@H]1O[C@@H](O)[C@H](O)[C@@H](O)[C@@H]1O.OC[C@H]1O[C@H](O)[C@H](O)[C@@H](O)[C@@H]1O,maltose + H2O = beta-D-glucose   {r},[#6:1]-[#8:2].[#8:3]>>[#6:1]-[#8:3].[#8:2],279,direct,single,1.0,False,Thermoplasma acidophilum,[],,3.2.1.3
259916,[NH2:1][C:2](=[O:3])[NH:4][CH2:5][C:6](=[O:7])[OH:8]>>[NH:1]1[C:2](=[O:3])[NH:4][CH2:5][C:6]1=[O:7].[OH2:8],NC(=O)NCC(=O)O>>O.O=C1CNC(=O)N1,hydantoin + H2O = N-carbamoyl glycine {r},[#6:1]-[#7:2].[#8:3]>>([#7:2].[#6:1]-[#8:3]),305,direct reversed,single,1.0,True,Mus musculus,[],,3.5.2.2
105278,[CH3:1][c:2]1[cH:3][n:4]([C@H:5]2[CH2:6][C@H:7]([OH:8])[C@@H:9]([CH2:10][O:11][P:12](=[O:13])([OH:14])[OH:15])[O:16]2)[c:17](=[O:18])[nH:19][c:20]1=[O:21].[NH2:22][c:23]1[n:24][c:25]2[c:26]([c:27](=[O:28])[nH:29]1)[N:30]=[C:31]([CH2:32][NH:33][c:34]1[cH:35][cH:36][c:37]([C:38](=[O:39])[NH:40][C@@H:41]([CH2:42][CH2:43][C:44](=[O:45])[OH:46])[C:47](=[O:48])[OH:49])[cH:50][cH:51]1)[CH2:52][NH:53]2>>[CH2:1]1[N:30]2[c:26]3[c:25]([n:24][c:23]([NH2:22])[nH:29][c:27]3=[O:28])[NH:53][CH2:52][C@@H:31]2[CH2:32][N:33]1[c:34]1[cH:35][cH:36][c:37]([C:38](=[O:39])[NH:40][C@@H:41]([CH2:42][CH2:43][C:44](=[O:45])[OH:46])[C:47](=[O:48])[OH:49])[cH:50][cH:51]1.[cH:2]1[cH:3][n:4]([C@H:5]2[CH2:6][C@H:7]([OH:8])[C@@H:9]([CH2:10][O:11][P:12](=[O:13])([OH:14])[OH:15])[O:16]2)[c:17](=[O:18])[nH:19][c:20]1=[O:21],Cc1cn([C@H]2C[C@H](O)[C@@H](COP(=O)(O)O)O2)c(=O)[nH]c1=O.Nc1nc2c(c(=O)[nH]1)N=C(CNc1ccc(C(=O)N[C@@H](CCC(=O)O)C(=O)O)cc1)CN2>>Nc1nc2c(c(=O)[nH]1)N1CN(c3ccc(C(=O)N[C@@H](CCC(=O)O)C(=O)O)cc3)C[C@H]1CN2.O=c1ccn([C@H]2C[C@H](O)[C@@H](COP(=O)(O)O)O2)c(=O)[nH]1,"5,10-methylenetetrahydrofolate + dUMP = dihydrofolate + dTMP  {r}",[#6:1].[#6:2]-[#7:3]-[#6:4]-[#7:5]>>([#7:5].[#6:2]=[#7:3]).[#6:1]-[#6:4],615,direct reversed,single,1.0,False,Coccidioides immitis,[],,2.1.1.45
40461,[O:1]=[O:2].[OH:3][c:4]1[cH:5][cH:6][c:7]([OH:8])[c:9]([OH:10])[cH:11]1>>[O:1]=[C:7](/[CH:6]=[CH:5]\[C:4]([OH:3])=[CH:11]/[C:9](=[O:2])[OH:10])[OH:8],O=O.Oc1ccc(O)c(O)c1>>O=C(O)/C=C\C(O)=C/C(=O)O,"benzene-1,2,4-triol + O2 = 3-hydroxy-cis-cis-muconate",[#6:1]1:[#6:2]:[#6:3]:[#6:4]:[#6:5]:[#6:6]:1.[#8:7]=[#8:8]>>[#8:7]=[#6:1]-[#6:2]=[#6:3]-[#6:4]=[#6:5]-[#6:6]=[#8:8],720,direct,single,0.5873015873015873,True,Sporotrichum pulverulentum,[],,1.13.11.37
264844,[CH3:1][C@@H:2]1[NH:3][c:4]2[n:5][c:6]([NH2:7])[nH:8][c:9](=[O:10])[c:11]2[N+:12]2=[CH:13][N:14]([c:15]3[cH:16][cH:17][c:18]([CH2:19][C@H:20]([OH:21])[C@H:22]([OH:23])[C@H:24]([OH:25])[CH2:26][O:27][C@H:28]4[O:29][C@H:30]([CH2:31][O:32][P:33](=[O:34])([OH:35])[O:36][C@@H:37]([CH2:38][CH2:39][C:40](=[O:41])[OH:42])[C:43](=[O:44])[OH:45])[C@@H:46]([OH:47])[C@H:48]4[OH:49])[cH:50][cH:51]3)[C@H:52]([CH3:53])[C@@H:54]12.[OH2:55]>>[CH3:1][C@@H:2]1[NH:3][c:4]2[n:5][c:6]([NH2:7])[nH:8][c:9](=[O:10])[c:11]2[N:12]([CH:13]=[O:55])[C@H:54]1[C@H:52]([NH:14][c:15]1[cH:16][cH:17][c:18]([CH2:19][C@H:20]([OH:21])[C@H:22]([OH:23])[C@H:24]([OH:25])[CH2:26][O:27][C@H:28]2[O:29][C@H:30]([CH2:31][O:32][P:33](=[O:34])([OH:35])[O:36][C@@H:37]([CH2:38][CH2:39][C:40](=[O:41])[OH:42])[C:43](=[O:44])[OH:45])[C@@H:46]([OH:47])[C@H:48]2[OH:49])[cH:50][cH:51]1)[CH3:53].[H+],C[C@@H]1Nc2nc(N)[nH]c(=O)c2[N+]2=CN(c3ccc(C[C@H](O)[C@H](O)[C@H](O)CO[C@H]4O[C@H](COP(=O)(O)O[C@@H](CCC(=O)O)C(=O)O)[C@@H](O)[C@H]4O)cc3)[C@H](C)[C@@H]12.O>>C[C@@H]1Nc2nc(N)[nH]c(=O)c2N(C=O)[C@H]1[C@@H](C)Nc1ccc(C[C@H](O)[C@H](O)[C@H](O)CO[C@H]2O[C@H](COP(=O)(O)O[C@@H](CCC(=O)O)C(=O)O)[C@@H](O)[C@H]2O)cc1.[H+],"5,10-methenyl-5,6,7,8-tetrahydromethanopterin + H2O = N5-formyl-5,6,7,8-tetrahydromethanopterin   {r}",[#7:1]-[#6:2]=[#7+:3].[#8:4]>>([#7:1].[#7+0:3]-[#6:2]=[#8:4]),368,direct,single,0.5,False,Methylococcus capsulatus,['Q9RPW8'],uniprot,3.5.4.27
148720,[CH2:15]=[C:16]([CH3:17])[CH2:18][CH2:19][O:20][P:21](=[O:22])([OH:23])[O:24][P:25](=[O:26])([OH:27])[OH:28].[CH2:1]=[C:2]([CH3:3])[CH2:4][CH2:5][O:6][P:7](=[O:8])([OH:9])[O:10][P:11](=[O:12])([OH:13])[OH:14].[CH3:29][C:30]([CH3:31])=[CH:32][CH2:33][CH2:34]/[C:35]([CH3:36])=[CH:37]/[CH2:38][O:39][P:40](=[O:41])([OH:42])[O:43][P:44](=[O:45])([OH:46])[OH:47]>>[CH2:1](/[C:2]([CH3:3])=[CH:4]/[CH2:5][O:6][P:7](=[O:8])([OH:9])[O:10][P:11](=[O:12])([OH:13])[OH:14])[CH2:19]/[CH:18]=[C:16](/[CH2:15][CH2:38]/[CH:37]=[C:35](/[CH2:34][CH2:33][CH:32]=[C:30]([CH3:29])[CH3:31])[CH3:36])[CH3:17].[OH:20][P:21](=[O:22])([OH:23])[O:24][P:25](=[O:26])([OH:27])[OH:28].[OH:39][P:40](=[O:41])([OH:42])[O:43][P:44](=[O:45])([OH:46])[OH:47],C=C(C)CCOP(=O)(O)OP(=O)(O)O.C=C(C)CCOP(=O)(O)OP(=O)(O)O.CC(C)=CCC/C(C)=C/COP(=O)(O)OP(=O)(O)O>>CC(C)=CCC/C(C)=C/CC/C(C)=C/CC/C(C)=C/COP(=O)(O)OP(=O)(O)O.O=P(O)(O)OP(=O)(O)O.O=P(O)(O)OP(=O)(O)O,geranyl diphosphate + 2 isopentenyl diphosphate = geranylgeranyl diphosphate + 2 diphosphate,[#6:1]-[#6:2]=[#6:3].[#6:4]-[#8:5].[#6:6]=[#6:7]-[#6:8]-[#6:9]-[#8:10]>>[#6:1]=[#6:2]-[#6:3]-[#6:9]-[#6:8]=[#6:7]-[#6:6]-[#6:4].[#8:10].[#8:5],895,direct,single,0.2446808510638297,False,Homo sapiens,[],,2.5.1.29
28178,[H+].[NH2:1][C:2](=[O:3])[C:4]1=[CH:5][N:6]([C@@H:7]2[O:8][C@H:9]([CH2:10][O:11][P:12](=[O:13])([OH:14])[O:15][P:16](=[O:17])([OH:18])[O:19][CH2:20][C@H:21]3[O:22][C@@H:23]([n:24]4[cH:25][n:26][c:27]5[c:28]([NH2:29])[n:30][cH:31][n:32][c:33]45)[C@H:34]([OH:35])[C@@H:36]3[OH:37])[C@@H:38]([OH:39])[C@H:40]2[OH:41])[CH:42]=[CH:43][CH2:44]1.[O:45]=[C:46]([OH:47])[C:48](=[O:49])[CH2:50][OH:51]>>[NH2:1][C:2](=[O:3])[c:4]1[cH:5][n+:6]([C@@H:7]2[O:8][C@H:9]([CH2:10][O:11][P:12](=[O:13])([OH:14])[O:15][P:16](=[O:17])([OH:18])[O:19][CH2:20][C@H:21]3[O:22][C@@H:23]([n:24]4[cH:25][n:26][c:27]5[c:28]([NH2:29])[n:30][cH:31][n:32][c:33]45)[C@H:34]([OH:35])[C@@H:36]3[OH:37])[C@@H:38]([OH:39])[C@H:40]2[OH:41])[cH:42][cH:43][cH:44]1.[O:45]=[C:46]([OH:47])[C@H:48]([OH:49])[CH2:50][OH:51],NC(=O)C1=CN([C@@H]2O[C@H](COP(=O)(O)OP(=O)(O)OC[C@H]3O[C@@H](n4cnc5c(N)ncnc54)[C@H](O)[C@@H]3O)[C@@H](O)[C@H]2O)C=CC1.O=C(O)C(=O)CO.[H+]>>NC(=O)c1ccc[n+]([C@@H]2O[C@H](COP(=O)(O)OP(=O)(O)OC[C@H]3O[C@@H](n4cnc5c(N)ncnc54)[C@H](O)[C@@H]3O)[C@@H](O)[C@H]2O)c1.O=C(O)[C@H](O)CO,hydroxypyruvate + NAD(P)H = D-glycerate + NAD(P)+ + H+  {ir},[#6:1]1=[#6:2]-[#7:3]-[#6:4]=[#6:5]-[#6:6]-1.[#6:7]=[#8:8]>>[#6:7]-[#8:8].[#6:1]1:[#6:6]:[#6:5]:[#6:4]:[#7+:3]:[#6:2]:1,0,direct,single,1.0,False,Sus scrofa,[],,1.1.1.81
217378,[OH2:1].[OH2:2].[S:3]=[C:4]=[S:5]>>[O:1]=[C:4]=[O:2].[SH2:3].[SH2:5],O.O.S=C=S>>O=C=O.S.S,carbon disulfide + 2 H2O = CO2 + 2 hydrogen sulfide,[#6:1]=[#16:2].[#8:3]>>[#16:2].[#6:1]=[#8:3],379,direct,multi,1.0,False,Acidithiobacillus caldus,[],,3.13.1.5
21907,[NH2:1][C:2](=[O:3])[c:4]1[cH:5][cH:6][cH:7][n+:8]([C@@H:9]2[O:10][C@H:11]([CH2:12][O:13][P:14](=[O:15])([OH:16])[O:17][P:18](=[O:19])([OH:20])[O:21][CH2:22][C@H:23]3[O:24][C@@H:25]([n:26]4[cH:27][n:28][c:29]5[c:30]([NH2:31])[n:32][cH:33][n:34][c:35]45)[C@H:36]([O:37][P:38](=[O:39])([OH:40])[OH:41])[C@@H:42]3[OH:43])[C@@H:44]([OH:45])[C@H:46]2[OH:47])[cH:48]1.[O:49]=[C:50]([OH:51])[CH2:52][C@H:53]([OH:54])[C:55](=[O:56])[OH:57]>>[CH3:52][C:53](=[O:54])[C:55](=[O:56])[OH:57].[H+].[NH2:1][C:2](=[O:3])[C:4]1=[CH:48][N:8]([C@@H:9]2[O:10][C@H:11]([CH2:12][O:13][P:14](=[O:15])([OH:16])[O:17][P:18](=[O:19])([OH:20])[O:21][CH2:22][C@H:23]3[O:24][C@@H:25]([n:26]4[cH:27][n:28][c:29]5[c:30]([NH2:31])[n:32][cH:33][n:34][c:35]45)[C@H:36]([O:37][P:38](=[O:39])([OH:40])[OH:41])[C@@H:42]3[OH:43])[C@@H:44]([OH:45])[C@H:46]2[OH:47])[CH:7]=[CH:6][CH2:5]1.[O:49]=[C:50]=[O:51],NC(=O)c1ccc[n+]([C@@H]2O[C@H](COP(=O)(O)OP(=O)(O)OC[C@H]3O[C@@H](n4cnc5c(N)ncnc54)[C@H](OP(=O)(O)O)[C@@H]3O)[C@@H](O)[C@H]2O)c1.O=C(O)C[C@H](O)C(=O)O>>CC(=O)C(=O)O.NC(=O)C1=CN([C@@H]2O[C@H](COP(=O)(O)OP(=O)(O)OC[C@H]3O[C@@H](n4cnc5c(N)ncnc54)[C@H](OP(=O)(O)O)[C@@H]3O)[C@@H](O)[C@H]2O)C=CC1.O=C=O.[H+],(S)-malate + NADP+ = pyruvate + CO2 + NADPH + H+  {r},[#6:1]1:[#6:2]:[#6:3]:[#6:4]:[#7+:5]:[#6:6]:1.[#8:7]-[#6:8]-[#6:9]-[#6:10]-[#8:11]>>[#6:9]-[#6:10]=[#8:11].[#6:1]1=[#6:6]-[#7+0:5]-[#6:4]=[#6:3]-[#6:2]-1.[#6:8]=[#8:7],96,direct,single,0.9733333333333334,False,Sorghum bicolor,[],,1.1.1.40
76063,[CH3:1][C:2]([CH3:3])=[CH:4][CH2:5][CH2:6][C@@H:7]([CH3:8])[C@H:9]1[CH2:10][CH:11]=[C:12]2[C:13]3=[C:14]([CH2:15][CH2:16][C@:17]12[CH3:18])[C@@:19]1([CH3:20])[CH2:21][CH2:22][C@H:23]([OH:24])[C:25]([CH3:26])([CH3:27])[C@@H:28]1[CH2:29][CH2:30]3.[H+].[NH2:31][C:32](=[O:33])[C:34]1=[CH:35][N:36]([C@@H:37]2[O:38][C@H:39]([CH2:40][O:41][P:42](=[O:43])([OH:44])[O:45][P:46](=[O:47])([OH:48])[O:49][CH2:50][C@H:51]3[O:52][C@@H:53]([n:54]4[cH:55][n:56][c:57]5[c:58]([NH2:59])[n:60][cH:61][n:62][c:63]45)[C@H:64]([O:65][P:66](=[O:67])([OH:68])[OH:69])[C@@H:70]3[OH:71])[C@@H:72]([OH:73])[C@H:74]2[OH:75])[CH:76]=[CH:77][CH2:78]1>>[CH3:1][CH:2]([CH3:3])[CH2:4][CH2:5][CH2:6][C@@H:7]([CH3:8])[C@H:9]1[CH2:10][CH:11]=[C:12]2[C:13]3=[C:14]([CH2:15][CH2:16][C@:17]12[CH3:18])[C@@:19]1([CH3:20])[CH2:21][CH2:22][C@H:23]([OH:24])[C:25]([CH3:26])([CH3:27])[C@@H:28]1[CH2:29][CH2:30]3.[NH2:31][C:32](=[O:33])[c:34]1[cH:35][n+:36]([C@@H:37]2[O:38][C@H:39]([CH2:40][O:41][P:42](=[O:43])([OH:44])[O:45][P:46](=[O:47])([OH:48])[O:49][CH2:50][C@H:51]3[O:52][C@@H:53]([n:54]4[cH:55][n:56][c:57]5[c:58]([NH2:59])[n:60][cH:61][n:62][c:63]45)[C@H:64]([O:65][P:66](=[O:67])([OH:68])[OH:69])[C@@H:70]3[OH:71])[C@@H:72]([OH:73])[C@H:74]2[OH:75])[cH:76][cH:77][cH:78]1,CC(C)=CCC[C@@H](C)[C@H]1CC=C2C3=C(CC[C@@]21C)[C@@]1(C)CC[C@H](O)C(C)(C)[C@@H]1CC3.NC(=O)C1=CN([C@@H]2O[C@H](COP(=O)(O)OP(=O)(O)OC[C@H]3O[C@@H](n4cnc5c(N)ncnc54)[C@H](OP(=O)(O)O)[C@@H]3O)[C@@H](O)[C@H]2O)C=CC1.[H+]>>CC(C)CCC[C@@H](C)[C@H]1CC=C2C3=C(CC[C@@]21C)[C@@]1(C)CC[C@H](O)C(C)(C)[C@@H]1CC3.NC(=O)c1ccc[n+]([C@@H]2O[C@H](COP(=O)(O)OP(=O)(O)OC[C@H]3O[C@@H](n4cnc5c(N)ncnc54)[C@H](OP(=O)(O)O)[C@@H]3O)[C@@H](O)[C@H]2O)c1,"4,4-dimethyl-5alpha-cholesta-8,14,24-trien-3beta-ol + NADPH = 4,4-dimethyl-5alpha-cholesta-8,14-dien-3beta-ol + NADP+",[#6:1]1=[#6:2]-[#7:3]-[#6:4]=[#6:5]-[#6:6]-1.[#6:7]=[#6:8]>>[#6:7]-[#6:8].[#6:1]1:[#6:6]:[#6:5]:[#6:4]:[#7+:3]:[#6:2]:1,2,direct,single,1.0,False,Homo sapiens,['Q15392'],uniprot,1.3.1.72
123343,[CH3:1][C:2](=[O:3])[S:4][CH2:5][CH2:6][NH:7][C:8](=[O:9])[CH2:10][CH2:11][NH:12][C:13](=[O:14])[C@H:15]([OH:16])[C:17]([CH3:18])([CH3:19])[CH2:20][O:21][P:22](=[O:23])([OH:24])[O:25][P:26](=[O:27])([OH:28])[O:29][CH2:30][C@H:31]1[O:32][C@@H:33]([n:34]2[cH:35][n:36][c:37]3[c:38]([NH2:39])[n:40][cH:41][n:42][c:43]23)[C@H:44]([OH:45])[C@@H:46]1[O:47][P:48](=[O:49])([OH:50])[OH:51].[NH2:52][CH2:53][CH2:54][c:55]1[cH:56][cH:57][c:58]([OH:59])[cH:60][cH:61]1>>[CH3:1][C:2](=[O:3])[NH:52][CH2:53][CH2:54][c:55]1[cH:56][cH:57][c:58]([OH:59])[cH:60][cH:61]1.[SH:4][CH2:5][CH2:6][NH:7][C:8](=[O:9])[CH2:10][CH2:11][NH:12][C:13](=[O:14])[C@H:15]([OH:16])[C:17]([CH3:18])([CH3:19])[CH2:20][O:21][P:22](=[O:23])([OH:24])[O:25][P:26](=[O:27])([OH:28])[O:29][CH2:30][C@H:31]1[O:32][C@@H:33]([n:34]2[cH:35][n:36][c:37]3[c:38]([NH2:39])[n:40][cH:41][n:42][c:43]23)[C@H:44]([OH:45])[C@@H:46]1[O:47][P:48](=[O:49])([OH:50])[OH:51],CC(=O)SCCNC(=O)CCNC(=O)[C@H](O)C(C)(C)COP(=O)(O)OP(=O)(O)OC[C@H]1O[C@@H](n2cnc3c(N)ncnc32)[C@H](O)[C@@H]1OP(=O)(O)O.NCCc1ccc(O)cc1>>CC(=O)NCCc1ccc(O)cc1.CC(C)(COP(=O)(O)OP(=O)(O)OC[C@H]1O[C@@H](n2cnc3c(N)ncnc32)[C@H](O)[C@@H]1OP(=O)(O)O)[C@@H](O)C(=O)NCCC(=O)NCCS,acetyl-CoA + tyramine = CoA + N-acetyltyramine,[#6:1]-[#16:2].[#7:3]>>[#16:2].[#6:1]-[#7:3],283,direct,single,0.9956896551724138,False,Drosophila melanogaster,[],,2.3.1.87
275204,[O:1]=[C:2]([OH:3])[c:4]1[c:5]([OH:6])[cH:7][cH:8][cH:9][c:10]1[OH:11]>>[O:1]=[C:2]=[O:3].[cH:4]1[c:5]([OH:6])[cH:7][cH:8][cH:9][c:10]1[OH:11],O=C(O)c1c(O)cccc1O>>O=C=O.Oc1cccc(O)c1,"2,6-dihydroxybenzoate = 1,3-dihydroxybenzene + CO2",[#6:1]-[#6:2]-[#8:3]>>[#6:1].[#6:2]=[#8:3],92,direct,single,1.0,True,Rhodococcus jostii,[],,4.1.1.103
302411,[O:1]=[C:2]([CH2:3][OH:4])[C@H:5]([OH:6])[C@H:7]([OH:8])[C@H:9]([OH:10])[CH2:11][OH:12]>>[O:1]=[C:2]([CH2:3][OH:4])[C@@H:5]([OH:6])[C@H:7]([OH:8])[C@H:9]([OH:10])[CH2:11][OH:12],O=C(CO)[C@H](O)[C@H](O)[C@H](O)CO>>O=C(CO)[C@@H](O)[C@H](O)[C@H](O)CO,D-fructose = D-psicose  {r},,-1,direct reversed,single,0.9649122807017544,False,Ruminococcus sp.,[],,5.1.3.30
74460,[CH3:1][CH2:2][CH2:3][CH2:4][CH2:5][CH2:6][CH2:7]/[CH:8]=[CH:9]\[CH:10]=[O:11].[H+].[NH2:12][C:13](=[O:14])[C:15]1=[CH:16][N:17]([C@@H:18]2[O:19][C@H:20]([CH2:21][O:22][P:23](=[O:24])([OH:25])[O:26][P:27](=[O:28])([OH:29])[O:30][CH2:31][C@H:32]3[O:33][C@@H:34]([n:35]4[cH:36][n:37][c:38]5[c:39]([NH2:40])[n:41][cH:42][n:43][c:44]45)[C@H:45]([O:46][P:47](=[O:48])([OH:49])[OH:50])[C@@H:51]3[OH:52])[C@@H:53]([OH:54])[C@H:55]2[OH:56])[CH:57]=[CH:58][CH2:59]1>>[CH3:1][CH2:2][CH2:3][CH2:4][CH2:5][CH2:6][CH2:7][CH2:8][CH2:9][CH:10]=[O:11].[NH2:12][C:13](=[O:14])[c:15]1[cH:16][n+:17]([C@@H:18]2[O:19][C@H:20]([CH2:21][O:22][P:23](=[O:24])([OH:25])[O:26][P:27](=[O:28])([OH:29])[O:30][CH2:31][C@H:32]3[O:33][C@@H:34]([n:35]4[cH:36][n:37][c:38]5[c:39]([NH2:40])[n:41][cH:42][n:43][c:44]45)[C@H:45]([O:46][P:47](=[O:48])([OH:49])[OH:50])[C@@H:51]3[OH:52])[C@@H:53]([OH:54])[C@H:55]2[OH:56])[cH:57][cH:58][cH:59]1,CCCCCCC/C=C\C=O.NC(=O)C1=CN([C@@H]2O[C@H](COP(=O)(O)OP(=O)(O)OC[C@H]3O[C@@H](n4cnc5c(N)ncnc54)[C@H](OP(=O)(O)O)[C@@H]3O)[C@@H](O)[C@H]2O)C=CC1.[H+]>>CCCCCCCCCC=O.NC(=O)c1ccc[n+]([C@@H]2O[C@H](COP(=O)(O)OP(=O)(O)OC[C@H]3O[C@@H](n4cnc5c(N)ncnc54)[C@H](OP(=O)(O)O)[C@@H]3O)[C@@H](O)[C@H]2O)c1,trans-2-decenal + NAD(P)H = decanal + NAD(P)+  {r},[#6:1]1=[#6:2]-[#7:3]-[#6:4]=[#6:5]-[#6:6]-1.[#6:7]=[#6:8]>>[#6:7]-[#6:8].[#6:1]1:[#6:6]:[#6:5]:[#6:4]:[#7+:3]:[#6:2]:1,2,direct,single,1.0,False,Mucor circinelloides,[],,1.3.1.27
11452,[H+].[NH2:1][C:2](=[O:3])[C:4]1=[CH:5][N:6]([C@@H:7]2[O:8][C@H:9]([CH2:10][O:11][P:12](=[O:13])([OH:14])[O:15][P:16](=[O:17])([OH:18])[O:19][CH2:20][C@H:21]3[O:22][C@@H:23]([n:24]4[cH:25][n:26][c:27]5[c:28]([NH2:29])[n:30][cH:31][n:32][c:33]45)[C@H:34]([OH:35])[C@@H:36]3[OH:37])[C@@H:38]([OH:39])[C@H:40]2[OH:41])[CH:42]=[CH:43][CH2:44]1.[O:45]=[C:46]([OH:47])[C:48](=[O:49])[CH2:50][c:51]1[cH:52][cH:53][c:54]([OH:55])[cH:56][cH:57]1>>[NH2:1][C:2](=[O:3])[c:4]1[cH:5][n+:6]([C@@H:7]2[O:8][C@H:9]([CH2:10][O:11][P:12](=[O:13])([OH:14])[O:15][P:16](=[O:17])([OH:18])[O:19][CH2:20][C@H:21]3[O:22][C@@H:23]([n:24]4[cH:25][n:26][c:27]5[c:28]([NH2:29])[n:30][cH:31][n:32][c:33]45)[C@H:34]([OH:35])[C@@H:36]3[OH:37])[C@@H:38]([OH:39])[C@H:40]2[OH:41])[cH:42][cH:43][cH:44]1.[O:45]=[C:46]([OH:47])[CH:48]([OH:49])[CH2:50][c:51]1[cH:52][cH:53][c:54]([OH:55])[cH:56][cH:57]1,NC(=O)C1=CN([C@@H]2O[C@H](COP(=O)(O)OP(=O)(O)OC[C@H]3O[C@@H](n4cnc5c(N)ncnc54)[C@H](O)[C@@H]3O)[C@@H](O)[C@H]2O)C=CC1.O=C(O)C(=O)Cc1ccc(O)cc1.[H+]>>NC(=O)c1ccc[n+]([C@@H]2O[C@H](COP(=O)(O)OP(=O)(O)OC[C@H]3O[C@@H](n4cnc5c(N)ncnc54)[C@H](O)[C@@H]3O)[C@@H](O)[C@H]2O)c1.O=C(O)C(O)Cc1ccc(O)cc1,3-(4-hydroxyphenyl)pyruvate + NADH + H+ = 3-(4-hydroxyphenyl)lactate + NAD+ {r},[#6:1]1=[#6:2]-[#7:3]-[#6:4]=[#6:5]-[#6:6]-1.[#6:7]=[#8:8]>>[#6:7]-[#8:8].[#6:1]1:[#6:6]:[#6:5]:[#6:4]:[#7+:3]:[#6:2]:1,0,direct,single,1.0,True,Salvia officinalis,['M1H6F7'],uniprot,1.1.1.237
26658,[CH3:1][C:2](=[O:3])[CH:4]([CH3:5])[OH:6].[H+].[NH2:7][C:8](=[O:9])[C:10]1=[CH:11][N:12]([C@@H:13]2[O:14][C@H:15]([CH2:16][O:17][P:18](=[O:19])([OH:20])[O:21][P:22](=[O:23])([OH:24])[O:25][CH2:26][C@H:27]3[O:28][C@@H:29]([n:30]4[cH:31][n:32][c:33]5[c:34]([NH2:35])[n:36][cH:37][n:38][c:39]45)[C@H:40]([OH:41])[C@@H:42]3[OH:43])[C@@H:44]([OH:45])[C@H:46]2[OH:47])[CH:48]=[CH:49][CH2:50]1>>[CH3:1][CH:2]([OH:3])[CH:4]([CH3:5])[OH:6].[NH2:7][C:8](=[O:9])[c:10]1[cH:11][n+:12]([C@@H:13]2[O:14][C@H:15]([CH2:16][O:17][P:18](=[O:19])([OH:20])[O:21][P:22](=[O:23])([OH:24])[O:25][CH2:26][C@H:27]3[O:28][C@@H:29]([n:30]4[cH:31][n:32][c:33]5[c:34]([NH2:35])[n:36][cH:37][n:38][c:39]45)[C@H:40]([OH:41])[C@@H:42]3[OH:43])[C@@H:44]([OH:45])[C@H:46]2[OH:47])[cH:48][cH:49][cH:50]1,CC(=O)C(C)O.NC(=O)C1=CN([C@@H]2O[C@H](COP(=O)(O)OP(=O)(O)OC[C@H]3O[C@@H](n4cnc5c(N)ncnc54)[C@H](O)[C@@H]3O)[C@@H](O)[C@H]2O)C=CC1.[H+]>>CC(O)C(C)O.NC(=O)c1ccc[n+]([C@@H]2O[C@H](COP(=O)(O)OP(=O)(O)OC[C@H]3O[C@@H](n4cnc5c(N)ncnc54)[C@H](O)[C@@H]3O)[C@@H](O)[C@H]2O)c1,"acetoin + NAD(P)H + H+ = 2,3-butanediol + NAD(P)+",[#6:1]1=[#6:2]-[#7:3]-[#6:4]=[#6:5]-[#6:6]-1.[#6:7]=[#8:8]>>[#6:7]-[#8:8].[#6:1]1:[#6:6]:[#6:5]:[#6:4]:[#7+:3]:[#6:2]:1,0,direct,single,1.0,True,Thermococcus kodakarensis,[],,1.1.1.71
300083,[CH3:1][C@@H:2]([NH2:3])[C:4](=[O:5])[OH:6]>>[CH3:1][C@H:2]([NH2:3])[C:4](=[O:5])[OH:6],C[C@@H](N)C(=O)O>>C[C@H](N)C(=O)O,L-Ala = D-Ala  {r},,-1,direct reversed,single,1.0,False,Geobacillus stearothermophilus,['P10724'],swissprot,5.1.1.1
150742,[CH3:1][CH:2]([CH3:3])[CH2:4][C@H:5]([NH:6][C:7](=[O:8])[C@@H:9]([NH:10][C:11](=[O:12])[C@H:13]([CH2:14][SH:15])[NH:16][C:17](=[O:18])[CH2:19][NH:20][S:21](=[O:22])(=[O:23])[c:24]1[cH:25][cH:26][cH:27][c:28]2[c:29]([N:30]([CH3:31])[CH3:32])[cH:33][cH:34][cH:35][c:36]12)[CH:37]([CH3:38])[CH3:39])[C:40](=[O:41])[NH:42][C@@H:43]([CH2:44][OH:45])[C:46](=[O:47])[OH:48].[CH3:49][CH2:50][c:51]1[cH:52][cH:53][c:54]([O:55][CH2:56]/[C:57]([CH3:58])=[CH:59]/[CH2:60][CH2:61]/[C:62]([CH3:63])=[CH:64]/[CH2:65][O:66][P:67](=[O:68])([OH:69])[O:70][P:71](=[O:72])([OH:73])[OH:74])[cH:75][cH:76]1>>[CH3:1][CH:2]([CH3:3])[CH2:4][C@H:5]([NH:6][C:7](=[O:8])[C@@H:9]([NH:10][C:11](=[O:12])[C@H:13]([CH2:14][S:15][CH2:65]/[CH:64]=[C:62](/[CH2:61][CH2:60]/[CH:59]=[C:57](/[CH2:56][O:55][c:54]1[cH:53][cH:52][c:51]([CH2:50][CH3:49])[cH:76][cH:75]1)[CH3:58])[CH3:63])[NH:16][C:17](=[O:18])[CH2:19][NH:20][S:21](=[O:22])(=[O:23])[c:24]1[cH:25][cH:26][cH:27][c:28]2[c:29]([N:30]([CH3:31])[CH3:32])[cH:33][cH:34][cH:35][c:36]12)[CH:37]([CH3:38])[CH3:39])[C:40](=[O:41])[NH:42][C@@H:43]([CH2:44][OH:45])[C:46](=[O:47])[OH:48].[OH:66][P:67](=[O:68])([OH:69])[O:70][P:71](=[O:72])([OH:73])[OH:74],CC(C)C[C@H](NC(=O)[C@@H](NC(=O)[C@H](CS)NC(=O)CNS(=O)(=O)c1cccc2c(N(C)C)cccc12)C(C)C)C(=O)N[C@@H](CO)C(=O)O.CCc1ccc(OC/C(C)=C/CC/C(C)=C/COP(=O)(O)OP(=O)(O)O)cc1>>CCc1ccc(OC/C(C)=C/CC/C(C)=C/CSC[C@H](NC(=O)CNS(=O)(=O)c2cccc3c(N(C)C)cccc23)C(=O)N[C@H](C(=O)N[C@@H](CC(C)C)C(=O)N[C@@H](CO)C(=O)O)C(C)C)cc1.O=P(O)(O)OP(=O)(O)O,"(2E,6E)-8-(4-ethylphenoxy)-3,7-dimethylocta-2,6-dien-1-yl trihydrogen diphosphate + dansyl-GCVLS = dansyl-G-(S-(2E,6E)-8-(4-ethylphenoxy)-3,7-dimethylocta-2 6-dien-1-yl)CVLS + diphosphate",[#16:1].[#6:2]-[#8:3]>>[#6:2]-[#16:1].[#8:3],293,suggested,single,1.0,False,Rattus norvegicus,[],,2.5.1.58
305893,[CH3:1][CH2:2][CH2:3][C:4](=[O:5])[C:6](=[O:7])[CH2:8][P:9](=[O:10])=[O:11]>>[CH3:1][CH2:2][CH:3]=[C:4]([OH:5])[C:6](=[O:7])[CH2:8][P:9](=[O:10])=[O:11],CCCC(=O)C(=O)CP(=O)=O>>CCC=C(O)C(=O)CP(=O)=O,"2,3-diketo-1-phosphohexane = 2-hydroxy-3-keto-l-phospho-l-hexene",[#6:1]-[#6:2]=[#8:3]>>[#6:1]=[#6:2]-[#8:3],19,suggested,single,1.0,False,Klebsiella pneumoniae,[],,5.3.2.5
200771,[CH3:1][CH2:2][CH:3]([CH3:4])[O:5][C:6](=[O:7])/[CH:8]=[CH:9]/[c:10]1[cH:11][cH:12][c:13]([OH:14])[c:15]([O:16][CH3:17])[cH:18]1.[OH2:19]>>[CH3:1][CH2:2][CH:3]([CH3:4])[OH:19].[OH:5][C:6](=[O:7])/[CH:8]=[CH:9]/[c:10]1[cH:11][cH:12][c:13]([OH:14])[c:15]([O:16][CH3:17])[cH:18]1,CCC(C)OC(=O)/C=C/c1ccc(O)c(OC)c1.O>>CCC(C)O.COc1cc(/C=C/C(=O)O)ccc1O,2-butyl ferulate + H2O = ferulic acid + 2-butanol,[#6:1]-[#8:2].[#8:3]>>[#6:1]-[#8:3].[#8:2],279,direct,single,0.9886075949367088,False,Fusarium oxysporum,[],,3.1.1.73
81421,[NH2:1][C:2](=[O:3])[c:4]1[cH:5][cH:6][cH:7][n+:8]([C@@H:9]2[O:10][C@H:11]([CH2:12][O:13][P:14](=[O:15])([OH:16])[O:17][P:18](=[O:19])([OH:20])[O:21][CH2:22][C@H:23]3[O:24][C@@H:25]([n:26]4[cH:27][n:28][c:29]5[c:30]([NH2:31])[n:32][cH:33][n:34][c:35]45)[C@H:36]([OH:37])[C@@H:38]3[OH:39])[C@@H:40]([OH:41])[C@H:42]2[OH:43])[cH:44]1.[NH2:45][C@@H:46]([CH2:47][CH2:48][C:49](=[O:50])[OH:51])[C:52](=[O:53])[OH:54].[OH2:55]>>[C:46]([CH2:47][CH2:48][C:49](=[O:50])[OH:51])([C:52](=[O:53])[OH:54])=[O:55].[H+].[NH2:1][C:2](=[O:3])[C:4]1=[CH:44][N:8]([C@@H:9]2[O:10][C@H:11]([CH2:12][O:13][P:14](=[O:15])([OH:16])[O:17][P:18](=[O:19])([OH:20])[O:21][CH2:22][C@H:23]3[O:24][C@@H:25]([n:26]4[cH:27][n:28][c:29]5[c:30]([NH2:31])[n:32][cH:33][n:34][c:35]45)[C@H:36]([OH:37])[C@@H:38]3[OH:39])[C@@H:40]([OH:41])[C@H:42]2[OH:43])[CH:7]=[CH:6][CH2:5]1.[NH3:45],NC(=O)c1ccc[n+]([C@@H]2O[C@H](COP(=O)(O)OP(=O)(O)OC[C@H]3O[C@@H](n4cnc5c(N)ncnc54)[C@H](O)[C@@H]3O)[C@@H](O)[C@H]2O)c1.N[C@@H](CCC(=O)O)C(=O)O.O>>N.NC(=O)C1=CN([C@@H]2O[C@H](COP(=O)(O)OP(=O)(O)OC[C@H]3O[C@@H](n4cnc5c(N)ncnc54)[C@H](O)[C@@H]3O)[C@@H](O)[C@H]2O)C=CC1.O=C(O)CCC(=O)C(=O)O.[H+],2-oxoglutarate + NADH + NH3 = L-glutamate + NAD+ + H2O  {r},[#6:1]1=[#6:2]-[#7:3]-[#6:4]=[#6:5]-[#6:6]-1.[#6:7]=[#8:8].[#7:9]>>[#6:7]-[#7:9].[#6:1]1:[#6:6]:[#6:5]:[#6:4]:[#7+:3]:[#6:2]:1.[#8:8],301,direct reversed,single,1.0,False,Entodinium caudatum,['Q9TVN3'],swissprot,1.4.1.2
231895,[O:2]=[N+:3]([O-:4])[c:5]1[cH:6][cH:7][c:8]([O:9][C@H:10]2[O:11][C@H:12]([CH2:13][OH:14])[C@@H:15]([OH:16])[C@H:17]([OH:18])[C@H:19]2[OH:20])[cH:21][cH:22]1.[OH2:1]>>[OH:1][c:8]1[cH:7][cH:6][c:5]([N+:3](=[O:2])[O-:4])[cH:22][cH:21]1.[OH:9][CH:10]1[O:11][C@H:12]([CH2:13][OH:14])[C@@H:15]([OH:16])[C@H:17]([OH:18])[C@H:19]1[OH:20],O.O=[N+]([O-])c1ccc(O[C@H]2O[C@H](CO)[C@@H](O)[C@H](O)[C@H]2O)cc1>>O=[N+]([O-])c1ccc(O)cc1.OC[C@H]1OC(O)[C@H](O)[C@@H](O)[C@@H]1O,4-nitrophenyl alpha-D-glucopyranoside + H2O = 4-nitrophenol + D-glucopyranose,[#6:1]-[#8:2].[#8:3]>>[#6:1]-[#8:3].[#8:2],279,direct,single,1.0,False,Lactiplantibacillus plantarum,[],,3.2.1.70
7512,[H+].[NH2:1][C:2](=[O:3])[C:4]1=[CH:5][N:6]([C@@H:7]2[O:8][C@H:9]([CH2:10][O:11][P:12](=[O:13])([OH:14])[O:15][P:16](=[O:17])([OH:18])[O:19][CH2:20][C@H:21]3[O:22][C@@H:23]([n:24]4[cH:25][n:26][c:27]5[c:28]([NH2:29])[n:30][cH:31][n:32][c:33]45)[C@H:34]([O:35][P:36](=[O:37])([OH:38])[OH:39])[C@@H:40]3[OH:41])[C@@H:42]([OH:43])[C@H:44]2[OH:45])[CH:46]=[CH:47][CH2:48]1.[O:49]=[CH:50][C@H:51]([OH:52])[C@@H:53]([OH:54])[C@H:55]([OH:56])[C@H:57]([OH:58])[C:59](=[O:60])[OH:61]>>[NH2:1][C:2](=[O:3])[c:4]1[cH:5][n+:6]([C@@H:7]2[O:8][C@H:9]([CH2:10][O:11][P:12](=[O:13])([OH:14])[O:15][P:16](=[O:17])([OH:18])[O:19][CH2:20][C@H:21]3[O:22][C@@H:23]([n:24]4[cH:25][n:26][c:27]5[c:28]([NH2:29])[n:30][cH:31][n:32][c:33]45)[C@H:34]([O:35][P:36](=[O:37])([OH:38])[OH:39])[C@@H:40]3[OH:41])[C@@H:42]([OH:43])[C@H:44]2[OH:45])[cH:46][cH:47][cH:48]1.[OH:49][CH2:50][C@H:51]([OH:52])[C@@H:53]([OH:54])[C@H:55]([OH:56])[C@H:57]([OH:58])[C:59](=[O:60])[OH:61],NC(=O)C1=CN([C@@H]2O[C@H](COP(=O)(O)OP(=O)(O)OC[C@H]3O[C@@H](n4cnc5c(N)ncnc54)[C@H](OP(=O)(O)O)[C@@H]3O)[C@@H](O)[C@H]2O)C=CC1.O=C[C@H](O)[C@@H](O)[C@H](O)[C@H](O)C(=O)O.[H+]>>NC(=O)c1ccc[n+]([C@@H]2O[C@H](COP(=O)(O)OP(=O)(O)OC[C@H]3O[C@@H](n4cnc5c(N)ncnc54)[C@H](OP(=O)(O)O)[C@@H]3O)[C@@H](O)[C@H]2O)c1.O=C(O)[C@@H](O)[C@@H](O)[C@H](O)[C@@H](O)CO,D-glucuronate + NADPH = L-gulonate + NADP+,[#6:1]1=[#6:2]-[#7:3]-[#6:4]=[#6:5]-[#6:6]-1.[#6:7]=[#8:8]>>[#6:7]-[#8:8].[#6:1]1:[#6:6]:[#6:5]:[#6:4]:[#7+:3]:[#6:2]:1,0,direct,single,0.9889779559118236,True,Oryctolagus cuniculus,[],,1.1.1.2
24093,[H+].[NH2:1][C:2](=[O:3])[C:4]1=[CH:5][N:6]([C@@H:7]2[O:8][C@H:9]([CH2:10][O:11][P:12](=[O:13])([OH:14])[O:15][P:16](=[O:17])([OH:18])[O:19][CH2:20][C@H:21]3[O:22][C@@H:23]([n:24]4[cH:25][n:26][c:27]5[c:28]([NH2:29])[n:30][cH:31][n:32][c:33]45)[C@H:34]([OH:35])[C@@H:36]3[OH:37])[C@@H:38]([OH:39])[C@H:40]2[OH:41])[CH:42]=[CH:43][CH2:44]1.[O:45]=[C:46]1[O:47][C@H:48]([CH2:49][OH:50])[C@@H:51]([OH:52])[C@H:53]([OH:54])[C@H:55]1[OH:56]>>[NH2:1][C:2](=[O:3])[c:4]1[cH:5][n+:6]([C@@H:7]2[O:8][C@H:9]([CH2:10][O:11][P:12](=[O:13])([OH:14])[O:15][P:16](=[O:17])([OH:18])[O:19][CH2:20][C@H:21]3[O:22][C@@H:23]([n:24]4[cH:25][n:26][c:27]5[c:28]([NH2:29])[n:30][cH:31][n:32][c:33]45)[C@H:34]([OH:35])[C@@H:36]3[OH:37])[C@@H:38]([OH:39])[C@H:40]2[OH:41])[cH:42][cH:43][cH:44]1.[OH:45][C@@H:46]1[O:47][C@H:48]([CH2:49][OH:50])[C@@H:51]([OH:52])[C@H:53]([OH:54])[C@H:55]1[OH:56],NC(=O)C1=CN([C@@H]2O[C@H](COP(=O)(O)OP(=O)(O)OC[C@H]3O[C@@H](n4cnc5c(N)ncnc54)[C@H](O)[C@@H]3O)[C@@H](O)[C@H]2O)C=CC1.O=C1O[C@H](CO)[C@@H](O)[C@H](O)[C@H]1O.[H+]>>NC(=O)c1ccc[n+]([C@@H]2O[C@H](COP(=O)(O)OP(=O)(O)OC[C@H]3O[C@@H](n4cnc5c(N)ncnc54)[C@H](O)[C@@H]3O)[C@@H](O)[C@H]2O)c1.OC[C@H]1O[C@@H](O)[C@H](O)[C@@H](O)[C@@H]1O,"beta-D-glucose + NAD+ = D-glucono-1,5-lactone + NADH + H+  {r}",[#6:1]-[#8:2].[#6:3]1:[#6:4]:[#6:5]:[#6:6]:[#7+:7]:[#6:8]:1>>[#6:3]1=[#6:8]-[#7+0:7]-[#6:6]=[#6:5]-[#6:4]-1.[#6:1]=[#8:2],1,direct reversed,single,1.0,False,Bacillus licheniformis,[],,1.1.1.47
223691,[O:2]=[N+:3]([O-:4])[c:5]1[cH:6][cH:7][c:8]([O:9][C@@H:10]2[O:11][C@H:12]([CH2:13][OH:14])[C@@H:15]([OH:16])[C@H:17]([OH:18])[C@H:19]2[OH:20])[cH:21][cH:22]1.[OH2:1]>>[OH:1][c:8]1[cH:7][cH:6][c:5]([N+:3](=[O:2])[O-:4])[cH:22][cH:21]1.[OH:9][CH:10]1[O:11][C@H:12]([CH2:13][OH:14])[C@@H:15]([OH:16])[C@H:17]([OH:18])[C@H:19]1[OH:20],O.O=[N+]([O-])c1ccc(O[C@@H]2O[C@H](CO)[C@@H](O)[C@H](O)[C@H]2O)cc1>>O=[N+]([O-])c1ccc(O)cc1.OC[C@H]1OC(O)[C@H](O)[C@@H](O)[C@@H]1O,4-nitrophenyl beta-D-glucopyranoside + H2O = 4-nitrophenol + D-glucose,[#6:1]-[#8:2].[#8:3]>>[#6:1]-[#8:3].[#8:2],279,direct,single,0.9947347104090724,False,Mycothermus thermophilus,[],,3.2.1.21
225441,[OH2:1].[OH:2][CH2:3][C@H:4]1[O:5][C@H:6]([O:7][CH2:8][C@H:9]2[O:10][C@@H:11]([OH:12])[C@H:13]([OH:14])[C@@H:15]([OH:16])[C@@H:17]2[OH:18])[C@H:19]([OH:20])[C@@H:21]([OH:22])[C@H:23]1[OH:24]>>[OH:1][CH:6]1[O:5][C@H:4]([CH2:3][OH:2])[C@H:23]([OH:24])[C@H:21]([OH:22])[C@H:19]1[OH:20].[OH:7][CH2:8][C@H:9]1[O:10][C@@H:11]([OH:12])[C@H:13]([OH:14])[C@@H:15]([OH:16])[C@@H:17]1[OH:18],O.OC[C@H]1O[C@H](OC[C@H]2O[C@@H](O)[C@H](O)[C@@H](O)[C@@H]2O)[C@H](O)[C@@H](O)[C@H]1O>>OC[C@H]1OC(O)[C@H](O)[C@@H](O)[C@H]1O.OC[C@H]1O[C@@H](O)[C@H](O)[C@@H](O)[C@@H]1O,melibiose + H2O = D-galactose + D-glucose,[#6:1]-[#8:2].[#8:3]>>[#6:1]-[#8:3].[#8:2],279,direct,single,0.9675850891410048,False,Talaromyces flavus,[],,3.2.1.22
198850,[CH3:1][CH2:2][CH2:3][CH2:4][CH2:5][CH2:6][CH2:7][CH2:8][CH2:9][CH2:10][CH2:11][CH2:12][CH2:13][CH2:14][CH2:15][CH2:16][O:17][CH2:18][C@H:19]([CH2:20][O:21][P:22](=[O:23])([OH:24])[O:25][CH2:26][CH2:27][N+:28]([CH3:29])([CH3:30])[CH3:31])[O:32][C:33]([CH3:34])=[O:35].[OH2:36]>>[CH3:1][CH2:2][CH2:3][CH2:4][CH2:5][CH2:6][CH2:7][CH2:8][CH2:9][CH2:10][CH2:11][CH2:12][CH2:13][CH2:14][CH2:15][CH2:16][O:17][CH2:18][C@H:19]([CH2:20][O:21][P:22](=[O:23])([OH:24])[O:25][CH2:26][CH2:27][N+:28]([CH3:29])([CH3:30])[CH3:31])[OH:36].[OH:32][C:33]([CH3:34])=[O:35],CCCCCCCCCCCCCCCCOC[C@H](COP(=O)(O)OCC[N+](C)(C)C)OC(C)=O.O>>CC(=O)O.CCCCCCCCCCCCCCCCOC[C@@H](O)COP(=O)(O)OCC[N+](C)(C)C,2-acetyl-1-hexadecyl-sn-glycero-3-phosphocholine + H2O = 1-hexadecyl-sn-glycero-3-phosphocholine + acetate,[#6:1]-[#8:2].[#8:3]>>[#6:1]-[#8:3].[#8:2],279,direct,single,0.9242424242424242,True,Homo sapiens,[],,3.1.1.47
